county,office,district,party,candidate,votes
Aitkin,Attorney General,,DFL,Mike Hatch,4371
Aitkin,Attorney General,,IND,,434
Aitkin,Attorney General,,R,Tom Kelly,2879
Aitkin,Attorney General,,WI,WRITE-IN,1
Aitkin,Governor,,CP,,20
Aitkin,Governor,,DFL,Roger Moe,3064
Aitkin,Governor,,GP,,114
Aitkin,Governor,,I,,46
Aitkin,Governor,,IND,Tim Penny,1346
Aitkin,Governor,,R,Tim Pawlenty,3341
Aitkin,Governor,,SWP,,12
Aitkin,Governor,,WI,WRITE-IN,5
Aitkin,Secretary of State,,DFL,"Hubert H. ""Buck"" Humphrey",3593
Aitkin,Secretary of State,,GP,,120
Aitkin,Secretary of State,,IND,,506
Aitkin,Secretary of State,,R,Mary Kiffmeyer,3524
Aitkin,Secretary of State,,WI,WRITE-IN,2
Aitkin,State Auditor,,DFL,Carol Johnson,3626
Aitkin,State Auditor,,GP,,154
Aitkin,State Auditor,,IND,,741
Aitkin,State Auditor,,R,Patricia Anderson Awada,3002
Aitkin,State Auditor,,WI,WRITE-IN,2
Aitkin,U.S. Senate,,CP,,7
Aitkin,U.S. Senate,,DFL,Walter Mondale,3855
Aitkin,U.S. Senate,,GP,,41
Aitkin,U.S. Senate,,IND,Jim Moore,269
Aitkin,U.S. Senate,,R,Norm Coleman,3711
Aitkin,U.S. Senate,,WI,WRITE-IN,11
Anoka,Attorney General,,DFL,Mike Hatch,70554
Anoka,Attorney General,,IND,,5425
Anoka,Attorney General,,R,Tom Kelly,59509
Anoka,Attorney General,,WI,WRITE-IN,96
Anoka,Governor,,CP,,156
Anoka,Governor,,DFL,Roger Moe,45553
Anoka,Governor,,GP,,2172
Anoka,Governor,,I,,575
Anoka,Governor,,IND,Tim Penny,19161
Anoka,Governor,,R,Tim Pawlenty,71169
Anoka,Governor,,SWP,,161
Anoka,Governor,,WI,WRITE-IN,107
Anoka,Secretary of State,,DFL,"Hubert H. ""Buck"" Humphrey",56398
Anoka,Secretary of State,,GP,,2276
Anoka,Secretary of State,,IND,,6502
Anoka,Secretary of State,,R,Mary Kiffmeyer,69538
Anoka,Secretary of State,,WI,WRITE-IN,77
Anoka,State Auditor,,DFL,Carol Johnson,54485
Anoka,State Auditor,,GP,,3249
Anoka,State Auditor,,IND,,10225
Anoka,State Auditor,,R,Patricia Anderson Awada,63227
Anoka,State Auditor,,WI,WRITE-IN,112
Anoka,U.S. Senate,,CP,,129
Anoka,U.S. Senate,,DFL,Walter Mondale,57511
Anoka,U.S. Senate,,GP,,498
Anoka,U.S. Senate,,IND,Jim Moore,2722
Anoka,U.S. Senate,,R,Norm Coleman,78176
Anoka,U.S. Senate,,WI,WRITE-IN,0
Becker,Attorney General,,DFL,Mike Hatch,6423
Becker,Attorney General,,IND,,555
Becker,Attorney General,,R,Tom Kelly,5817
Becker,Attorney General,,WI,WRITE-IN,79
Becker,Governor,,CP,,20
Becker,Governor,,DFL,Roger Moe,5384
Becker,Governor,,GP,,161
Becker,Governor,,I,,59
Becker,Governor,,IND,Tim Penny,1392
Becker,Governor,,R,Tim Pawlenty,6145
Becker,Governor,,SWP,,19
Becker,Governor,,WI,WRITE-IN,11
Becker,Secretary of State,,DFL,"Hubert H. ""Buck"" Humphrey",5736
Becker,Secretary of State,,GP,,180
Becker,Secretary of State,,IND,,638
Becker,Secretary of State,,R,Mary Kiffmeyer,6294
Becker,Secretary of State,,WI,WRITE-IN,5
Becker,State Auditor,,DFL,Carol Johnson,5401
Becker,State Auditor,,GP,,313
Becker,State Auditor,,IND,,1081
Becker,State Auditor,,R,Patricia Anderson Awada,5998
Becker,State Auditor,,WI,WRITE-IN,7
Becker,U.S. Senate,,CP,,24
Becker,U.S. Senate,,DFL,Walter Mondale,5841
Becker,U.S. Senate,,GP,,32
Becker,U.S. Senate,,IND,Jim Moore,402
Becker,U.S. Senate,,R,Norm Coleman,6845
Becker,U.S. Senate,,WI,WRITE-IN,0
Beltrami,Attorney General,,DFL,Mike Hatch,8127
Beltrami,Attorney General,,IND,,559
Beltrami,Attorney General,,R,Tom Kelly,5978
Beltrami,Attorney General,,WI,WRITE-IN,14
Beltrami,Governor,,CP,,25
Beltrami,Governor,,DFL,Roger Moe,6720
Beltrami,Governor,,GP,,533
Beltrami,Governor,,I,,42
Beltrami,Governor,,IND,Tim Penny,1250
Beltrami,Governor,,R,Tim Pawlenty,6395
Beltrami,Governor,,SWP,,26
Beltrami,Governor,,WI,WRITE-IN,7
Beltrami,Secretary of State,,DFL,"Hubert H. ""Buck"" Humphrey",6914
Beltrami,Secretary of State,,GP,,553
Beltrami,Secretary of State,,IND,,537
Beltrami,Secretary of State,,R,Mary Kiffmeyer,6676
Beltrami,Secretary of State,,WI,WRITE-IN,11
Beltrami,State Auditor,,DFL,Carol Johnson,6950
Beltrami,State Auditor,,GP,,633
Beltrami,State Auditor,,IND,,804
Beltrami,State Auditor,,R,Patricia Anderson Awada,6007
Beltrami,State Auditor,,WI,WRITE-IN,8
Beltrami,U.S. Senate,,CP,,24
Beltrami,U.S. Senate,,DFL,Walter Mondale,7433
Beltrami,U.S. Senate,,GP,,141
Beltrami,U.S. Senate,,IND,Jim Moore,246
Beltrami,U.S. Senate,,R,Norm Coleman,7243
Beltrami,U.S. Senate,,WI,WRITE-IN,12
Benton,Attorney General,,DFL,Mike Hatch,7087
Benton,Attorney General,,IND,,689
Benton,Attorney General,,R,Tom Kelly,5264
Benton,Attorney General,,WI,WRITE-IN,8
Benton,Governor,,CP,,13
Benton,Governor,,DFL,Roger Moe,4336
Benton,Governor,,GP,,335
Benton,Governor,,I,,53
Benton,Governor,,IND,Tim Penny,2129
Benton,Governor,,R,Tim Pawlenty,6524
Benton,Governor,,SWP,,15
Benton,Governor,,WI,WRITE-IN,10
Benton,Secretary of State,,DFL,"Hubert H. ""Buck"" Humphrey",5228
Benton,Secretary of State,,GP,,247
Benton,Secretary of State,,IND,,534
Benton,Secretary of State,,R,Mary Kiffmeyer,7164
Benton,Secretary of State,,WI,WRITE-IN,6
Benton,State Auditor,,DFL,Carol Johnson,5526
Benton,State Auditor,,GP,,457
Benton,State Auditor,,IND,,1061
Benton,State Auditor,,R,Patricia Anderson Awada,5733
Benton,State Auditor,,WI,WRITE-IN,24
Benton,U.S. Senate,,CP,,14
Benton,U.S. Senate,,DFL,Walter Mondale,5807
Benton,U.S. Senate,,GP,,83
Benton,U.S. Senate,,IND,Jim Moore,391
Benton,U.S. Senate,,R,Norm Coleman,7193
Benton,U.S. Senate,,WI,WRITE-IN,46
Big Stone,Attorney General,,DFL,Mike Hatch,1562
Big Stone,Attorney General,,IND,,119
Big Stone,Attorney General,,R,Tom Kelly,961
Big Stone,Attorney General,,WI,WRITE-IN,0
Big Stone,Governor,,CP,,7
Big Stone,Governor,,DFL,Roger Moe,1192
Big Stone,Governor,,GP,,25
Big Stone,Governor,,I,,17
Big Stone,Governor,,IND,Tim Penny,315
Big Stone,Governor,,R,Tim Pawlenty,1116
Big Stone,Governor,,SWP,,6
Big Stone,Governor,,WI,WRITE-IN,4
Big Stone,Secretary of State,,DFL,"Hubert H. ""Buck"" Humphrey",1362
Big Stone,Secretary of State,,GP,,37
Big Stone,Secretary of State,,IND,,103
Big Stone,Secretary of State,,R,Mary Kiffmeyer,1163
Big Stone,Secretary of State,,WI,WRITE-IN,0
Big Stone,State Auditor,,DFL,Carol Johnson,1434
Big Stone,State Auditor,,GP,,51
Big Stone,State Auditor,,IND,,151
Big Stone,State Auditor,,R,Patricia Anderson Awada,992
Big Stone,State Auditor,,WI,WRITE-IN,0
Big Stone,U.S. Senate,,CP,,3
Big Stone,U.S. Senate,,DFL,Walter Mondale,1337
Big Stone,U.S. Senate,,GP,,8
Big Stone,U.S. Senate,,IND,Jim Moore,86
Big Stone,U.S. Senate,,R,Norm Coleman,1173
Big Stone,U.S. Senate,,WI,WRITE-IN,3
Blue Earth,Attorney General,,DFL,Mike Hatch,12511
Blue Earth,Attorney General,,IND,,1343
Blue Earth,Attorney General,,R,Tom Kelly,9616
Blue Earth,Attorney General,,WI,WRITE-IN,16
Blue Earth,Governor,,CP,,30
Blue Earth,Governor,,DFL,Roger Moe,6333
Blue Earth,Governor,,GP,,601
Blue Earth,Governor,,I,,67
Blue Earth,Governor,,IND,Tim Penny,8001
Blue Earth,Governor,,R,Tim Pawlenty,8925
Blue Earth,Governor,,SWP,,30
Blue Earth,Governor,,WI,WRITE-IN,13
Blue Earth,Secretary of State,,DFL,"Hubert H. ""Buck"" Humphrey",10755
Blue Earth,Secretary of State,,GP,,853
Blue Earth,Secretary of State,,IND,,1508
Blue Earth,Secretary of State,,R,Mary Kiffmeyer,10325
Blue Earth,Secretary of State,,WI,WRITE-IN,12
Blue Earth,State Auditor,,DFL,Carol Johnson,10107
Blue Earth,State Auditor,,GP,,983
Blue Earth,State Auditor,,IND,,2176
Blue Earth,State Auditor,,R,Patricia Anderson Awada,9790
Blue Earth,State Auditor,,WI,WRITE-IN,15
Blue Earth,U.S. Senate,,CP,,32
Blue Earth,U.S. Senate,,DFL,Walter Mondale,11435
Blue Earth,U.S. Senate,,GP,,245
Blue Earth,U.S. Senate,,IND,Jim Moore,719
Blue Earth,U.S. Senate,,R,Norm Coleman,11615
Blue Earth,U.S. Senate,,WI,WRITE-IN,17
Brown,Attorney General,,DFL,Mike Hatch,5292
Brown,Attorney General,,IND,,538
Brown,Attorney General,,R,Tom Kelly,5316
Brown,Attorney General,,WI,WRITE-IN,0
Brown,Governor,,CP,,13
Brown,Governor,,DFL,Roger Moe,2731
Brown,Governor,,GP,,142
Brown,Governor,,I,,44
Brown,Governor,,IND,Tim Penny,2586
Brown,Governor,,R,Tim Pawlenty,5833
Brown,Governor,,SWP,,15
Brown,Governor,,WI,WRITE-IN,0
Brown,Secretary of State,,DFL,"Hubert H. ""Buck"" Humphrey",4170
Brown,Secretary of State,,GP,,237
Brown,Secretary of State,,IND,,716
Brown,Secretary of State,,R,Mary Kiffmeyer,5978
Brown,Secretary of State,,WI,WRITE-IN,0
Brown,State Auditor,,DFL,Carol Johnson,4134
Brown,State Auditor,,GP,,267
Brown,State Auditor,,IND,,1028
Brown,State Auditor,,R,Patricia Anderson Awada,5527
Brown,State Auditor,,WI,WRITE-IN,0
Brown,U.S. Senate,,CP,,11
Brown,U.S. Senate,,DFL,Walter Mondale,4404
Brown,U.S. Senate,,GP,,47
Brown,U.S. Senate,,IND,Jim Moore,375
Brown,U.S. Senate,,R,Norm Coleman,6564
Brown,U.S. Senate,,WI,WRITE-IN,3
Carlton,Attorney General,,DFL,Mike Hatch,9739
Carlton,Attorney General,,IND,,543
Carlton,Attorney General,,R,Tom Kelly,3804
Carlton,Attorney General,,WI,WRITE-IN,10
Carlton,Governor,,CP,,20
Carlton,Governor,,DFL,Roger Moe,8198
Carlton,Governor,,GP,,177
Carlton,Governor,,I,,49
Carlton,Governor,,IND,Tim Penny,1489
Carlton,Governor,,R,Tim Pawlenty,4267
Carlton,Governor,,SWP,,16
Carlton,Governor,,WI,WRITE-IN,8
Carlton,Secretary of State,,DFL,"Hubert H. ""Buck"" Humphrey",8588
Carlton,Secretary of State,,GP,,244
Carlton,Secretary of State,,IND,,681
Carlton,Secretary of State,,R,Mary Kiffmeyer,4527
Carlton,Secretary of State,,WI,WRITE-IN,4
Carlton,State Auditor,,DFL,Carol Johnson,8075
Carlton,State Auditor,,GP,,322
Carlton,State Auditor,,IND,,1230
Carlton,State Auditor,,R,Patricia Anderson Awada,4131
Carlton,State Auditor,,WI,WRITE-IN,5
Carlton,U.S. Senate,,CP,,18
Carlton,U.S. Senate,,DFL,Walter Mondale,8529
Carlton,U.S. Senate,,GP,,52
Carlton,U.S. Senate,,IND,Jim Moore,322
Carlton,U.S. Senate,,R,Norm Coleman,5083
Carlton,U.S. Senate,,WI,WRITE-IN,44
Carver,Attorney General,,DFL,Mike Hatch,14105
Carver,Attorney General,,IND,,1161
Carver,Attorney General,,R,Tom Kelly,18560
Carver,Attorney General,,WI,WRITE-IN,21
Carver,Governor,,CP,,26
Carver,Governor,,DFL,Roger Moe,7848
Carver,Governor,,GP,,498
Carver,Governor,,I,,86
Carver,Governor,,IND,Tim Penny,4826
Carver,Governor,,R,Tim Pawlenty,21396
Carver,Governor,,SWP,,42
Carver,Governor,,WI,WRITE-IN,11
Carver,Secretary of State,,DFL,"Hubert H. ""Buck"" Humphrey",10412
Carver,Secretary of State,,GP,,600
Carver,Secretary of State,,IND,,1488
Carver,Secretary of State,,R,Mary Kiffmeyer,21134
Carver,Secretary of State,,WI,WRITE-IN,15
Carver,State Auditor,,DFL,Carol Johnson,10064
Carver,State Auditor,,GP,,802
Carver,State Auditor,,IND,,2421
Carver,State Auditor,,R,Patricia Anderson Awada,19524
Carver,State Auditor,,WI,WRITE-IN,27
Carver,U.S. Senate,,CP,,28
Carver,U.S. Senate,,DFL,Walter Mondale,11072
Carver,U.S. Senate,,GP,,89
Carver,U.S. Senate,,IND,Jim Moore,605
Carver,U.S. Senate,,R,Norm Coleman,22966
Carver,U.S. Senate,,WI,WRITE-IN,5
Cass,Attorney General,,DFL,Mike Hatch,6149
Cass,Attorney General,,IND,,591
Cass,Attorney General,,R,Tom Kelly,5538
Cass,Attorney General,,WI,WRITE-IN,4
Cass,Governor,,CP,,8
Cass,Governor,,DFL,Roger Moe,4174
Cass,Governor,,GP,,249
Cass,Governor,,I,,68
Cass,Governor,,IND,Tim Penny,1843
Cass,Governor,,R,Tim Pawlenty,6115
Cass,Governor,,SWP,,17
Cass,Governor,,WI,WRITE-IN,3
Cass,Secretary of State,,DFL,"Hubert H. ""Buck"" Humphrey",4812
Cass,Secretary of State,,GP,,291
Cass,Secretary of State,,IND,,640
Cass,Secretary of State,,R,Mary Kiffmeyer,6537
Cass,Secretary of State,,WI,WRITE-IN,4
Cass,State Auditor,,DFL,Carol Johnson,5059
Cass,State Auditor,,GP,,335
Cass,State Auditor,,IND,,954
Cass,State Auditor,,R,Patricia Anderson Awada,5680
Cass,State Auditor,,WI,WRITE-IN,13
Cass,U.S. Senate,,CP,,16
Cass,U.S. Senate,,DFL,Walter Mondale,5013
Cass,U.S. Senate,,GP,,75
Cass,U.S. Senate,,IND,Jim Moore,353
Cass,U.S. Senate,,R,Norm Coleman,6720
Cass,U.S. Senate,,WI,WRITE-IN,12
Chippewa,Attorney General,,DFL,Mike Hatch,3509
Chippewa,Attorney General,,IND,,237
Chippewa,Attorney General,,R,Tom Kelly,1997
Chippewa,Attorney General,,WI,WRITE-IN,18
Chippewa,Governor,,CP,,5
Chippewa,Governor,,DFL,Roger Moe,2394
Chippewa,Governor,,GP,,69
Chippewa,Governor,,I,,19
Chippewa,Governor,,IND,Tim Penny,1117
Chippewa,Governor,,R,Tim Pawlenty,2250
Chippewa,Governor,,SWP,,8
Chippewa,Governor,,WI,WRITE-IN,0
Chippewa,Secretary of State,,DFL,"Hubert H. ""Buck"" Humphrey",2965
Chippewa,Secretary of State,,GP,,73
Chippewa,Secretary of State,,IND,,296
Chippewa,Secretary of State,,R,Mary Kiffmeyer,2429
Chippewa,Secretary of State,,WI,WRITE-IN,1
Chippewa,State Auditor,,DFL,Carol Johnson,2934
Chippewa,State Auditor,,GP,,145
Chippewa,State Auditor,,IND,,438
Chippewa,State Auditor,,R,Patricia Anderson Awada,2176
Chippewa,State Auditor,,WI,WRITE-IN,4
Chippewa,U.S. Senate,,CP,,2
Chippewa,U.S. Senate,,DFL,Walter Mondale,3173
Chippewa,U.S. Senate,,GP,,17
Chippewa,U.S. Senate,,IND,Jim Moore,167
Chippewa,U.S. Senate,,R,Norm Coleman,2488
Chippewa,U.S. Senate,,WI,WRITE-IN,1
Chisago,Attorney General,,DFL,Mike Hatch,10750
Chisago,Attorney General,,IND,,936
Chisago,Attorney General,,R,Tom Kelly,9712
Chisago,Attorney General,,WI,WRITE-IN,22
Chisago,Governor,,CP,,28
Chisago,Governor,,DFL,Roger Moe,6755
Chisago,Governor,,GP,,364
Chisago,Governor,,I,,101
Chisago,Governor,,IND,Tim Penny,2879
Chisago,Governor,,R,Tim Pawlenty,11791
Chisago,Governor,,SWP,,32
Chisago,Governor,,WI,WRITE-IN,23
Chisago,Secretary of State,,DFL,"Hubert H. ""Buck"" Humphrey",8742
Chisago,Secretary of State,,GP,,370
Chisago,Secretary of State,,IND,,1117
Chisago,Secretary of State,,R,Mary Kiffmeyer,11159
Chisago,Secretary of State,,WI,WRITE-IN,18
Chisago,State Auditor,,DFL,Carol Johnson,8435
Chisago,State Auditor,,GP,,523
Chisago,State Auditor,,IND,,1672
Chisago,State Auditor,,R,Patricia Anderson Awada,10278
Chisago,State Auditor,,WI,WRITE-IN,28
Chisago,U.S. Senate,,CP,,28
Chisago,U.S. Senate,,DFL,Walter Mondale,8660
Chisago,U.S. Senate,,GP,,66
Chisago,U.S. Senate,,IND,Jim Moore,549
Chisago,U.S. Senate,,R,Norm Coleman,12567
Chisago,U.S. Senate,,WI,WRITE-IN,14
Clay,Attorney General,,DFL,Mike Hatch,11243
Clay,Attorney General,,IND,,730
Clay,Attorney General,,R,Tom Kelly,7611
Clay,Attorney General,,WI,WRITE-IN,144
Clay,Governor,,CP,,26
Clay,Governor,,DFL,Roger Moe,9956
Clay,Governor,,GP,,302
Clay,Governor,,I,,79
Clay,Governor,,IND,Tim Penny,1707
Clay,Governor,,R,Tim Pawlenty,8292
Clay,Governor,,SWP,,36
Clay,Governor,,WI,WRITE-IN,9
Clay,Secretary of State,,DFL,"Hubert H. ""Buck"" Humphrey",10424
Clay,Secretary of State,,GP,,360
Clay,Secretary of State,,IND,,908
Clay,Secretary of State,,R,Mary Kiffmeyer,8115
Clay,Secretary of State,,WI,WRITE-IN,11
Clay,State Auditor,,DFL,Carol Johnson,9699
Clay,State Auditor,,GP,,841
Clay,State Auditor,,IND,,1237
Clay,State Auditor,,R,Patricia Anderson Awada,7782
Clay,State Auditor,,WI,WRITE-IN,17
Clay,U.S. Senate,,CP,,22
Clay,U.S. Senate,,DFL,Walter Mondale,10454
Clay,U.S. Senate,,GP,,60
Clay,U.S. Senate,,IND,Jim Moore,489
Clay,U.S. Senate,,R,Norm Coleman,9365
Clay,U.S. Senate,,WI,WRITE-IN,7
Clearwater,Attorney General,,DFL,Mike Hatch,1840
Clearwater,Attorney General,,IND,,150
Clearwater,Attorney General,,R,Tom Kelly,1573
Clearwater,Attorney General,,WI,WRITE-IN,1
Clearwater,Governor,,CP,,9
Clearwater,Governor,,DFL,Roger Moe,1705
Clearwater,Governor,,GP,,51
Clearwater,Governor,,I,,13
Clearwater,Governor,,IND,Tim Penny,273
Clearwater,Governor,,R,Tim Pawlenty,1597
Clearwater,Governor,,SWP,,11
Clearwater,Governor,,WI,WRITE-IN,1
Clearwater,Secretary of State,,DFL,"Hubert H. ""Buck"" Humphrey",1643
Clearwater,Secretary of State,,GP,,57
Clearwater,Secretary of State,,IND,,135
Clearwater,Secretary of State,,R,Mary Kiffmeyer,1774
Clearwater,Secretary of State,,WI,WRITE-IN,2
Clearwater,State Auditor,,DFL,Carol Johnson,1647
Clearwater,State Auditor,,GP,,81
Clearwater,State Auditor,,IND,,221
Clearwater,State Auditor,,R,Patricia Anderson Awada,1619
Clearwater,State Auditor,,WI,WRITE-IN,2
Clearwater,U.S. Senate,,CP,,3
Clearwater,U.S. Senate,,DFL,Walter Mondale,1746
Clearwater,U.S. Senate,,GP,,29
Clearwater,U.S. Senate,,IND,Jim Moore,85
Clearwater,U.S. Senate,,R,Norm Coleman,1790
Clearwater,U.S. Senate,,WI,WRITE-IN,3
Cook,Attorney General,,DFL,Mike Hatch,1604
Cook,Attorney General,,IND,,165
Cook,Attorney General,,R,Tom Kelly,982
Cook,Attorney General,,WI,WRITE-IN,4
Cook,Governor,,CP,,25
Cook,Governor,,DFL,Roger Moe,1228
Cook,Governor,,GP,,148
Cook,Governor,,I,,18
Cook,Governor,,IND,Tim Penny,441
Cook,Governor,,R,Tim Pawlenty,962
Cook,Governor,,SWP,,11
Cook,Governor,,WI,WRITE-IN,2
Cook,Secretary of State,,DFL,"Hubert H. ""Buck"" Humphrey",1239
Cook,Secretary of State,,GP,,165
Cook,Secretary of State,,IND,,150
Cook,Secretary of State,,R,Mary Kiffmeyer,1235
Cook,Secretary of State,,WI,WRITE-IN,2
Cook,State Auditor,,DFL,Carol Johnson,1239
Cook,State Auditor,,GP,,160
Cook,State Auditor,,IND,,268
Cook,State Auditor,,R,Patricia Anderson Awada,1038
Cook,State Auditor,,WI,WRITE-IN,2
Cook,U.S. Senate,,CP,,24
Cook,U.S. Senate,,DFL,Walter Mondale,1240
Cook,U.S. Senate,,GP,,23
Cook,U.S. Senate,,IND,Jim Moore,115
Cook,U.S. Senate,,R,Norm Coleman,1180
Cook,U.S. Senate,,WI,WRITE-IN,2
Cottonwood,Attorney General,,DFL,Mike Hatch,2941
Cottonwood,Attorney General,,IND,,182
Cottonwood,Attorney General,,R,Tom Kelly,2385
Cottonwood,Attorney General,,WI,WRITE-IN,1
Cottonwood,Governor,,CP,,6
Cottonwood,Governor,,DFL,Roger Moe,1813
Cottonwood,Governor,,GP,,66
Cottonwood,Governor,,I,,23
Cottonwood,Governor,,IND,Tim Penny,992
Cottonwood,Governor,,R,Tim Pawlenty,2638
Cottonwood,Governor,,SWP,,12
Cottonwood,Governor,,WI,WRITE-IN,4
Cottonwood,Secretary of State,,DFL,"Hubert H. ""Buck"" Humphrey",2466
Cottonwood,Secretary of State,,GP,,85
Cottonwood,Secretary of State,,IND,,237
Cottonwood,Secretary of State,,R,Mary Kiffmeyer,2700
Cottonwood,Secretary of State,,WI,WRITE-IN,0
Cottonwood,State Auditor,,DFL,Carol Johnson,2485
Cottonwood,State Auditor,,GP,,90
Cottonwood,State Auditor,,IND,,351
Cottonwood,State Auditor,,R,Patricia Anderson Awada,2505
Cottonwood,State Auditor,,WI,WRITE-IN,0
Cottonwood,U.S. Senate,,CP,,3
Cottonwood,U.S. Senate,,DFL,Walter Mondale,2606
Cottonwood,U.S. Senate,,GP,,14
Cottonwood,U.S. Senate,,IND,Jim Moore,131
Cottonwood,U.S. Senate,,R,Norm Coleman,2779
Cottonwood,U.S. Senate,,WI,WRITE-IN,3
Crow Wing,Attorney General,,DFL,Mike Hatch,13529
Crow Wing,Attorney General,,IND,,1207
Crow Wing,Attorney General,,R,Tom Kelly,11409
Crow Wing,Attorney General,,WI,WRITE-IN,19
Crow Wing,Governor,,CP,,28
Crow Wing,Governor,,DFL,Roger Moe,8984
Crow Wing,Governor,,GP,,426
Crow Wing,Governor,,I,,127
Crow Wing,Governor,,IND,Tim Penny,3952
Crow Wing,Governor,,R,Tim Pawlenty,12970
Crow Wing,Governor,,SWP,,37
Crow Wing,Governor,,WI,WRITE-IN,27
Crow Wing,Secretary of State,,DFL,"Hubert H. ""Buck"" Humphrey",10605
Crow Wing,Secretary of State,,GP,,522
Crow Wing,Secretary of State,,IND,,1247
Crow Wing,Secretary of State,,R,Mary Kiffmeyer,13707
Crow Wing,Secretary of State,,WI,WRITE-IN,12
Crow Wing,State Auditor,,DFL,Carol Johnson,11046
Crow Wing,State Auditor,,GP,,634
Crow Wing,State Auditor,,IND,,2079
Crow Wing,State Auditor,,R,Patricia Anderson Awada,11808
Crow Wing,State Auditor,,WI,WRITE-IN,13
Crow Wing,U.S. Senate,,CP,,30
Crow Wing,U.S. Senate,,DFL,Walter Mondale,11181
Crow Wing,U.S. Senate,,GP,,149
Crow Wing,U.S. Senate,,IND,Jim Moore,619
Crow Wing,U.S. Senate,,R,Norm Coleman,14222
Crow Wing,U.S. Senate,,WI,WRITE-IN,0
Dakota,Attorney General,,DFL,Mike Hatch,84540
Dakota,Attorney General,,IND,,6041
Dakota,Attorney General,,R,Tom Kelly,74862
Dakota,Attorney General,,WI,WRITE-IN,101
Dakota,Governor,,CP,,131
Dakota,Governor,,DFL,Roger Moe,53440
Dakota,Governor,,GP,,2653
Dakota,Governor,,I,,519
Dakota,Governor,,IND,Tim Penny,22156
Dakota,Governor,,R,Tim Pawlenty,90534
Dakota,Governor,,SWP,,141
Dakota,Governor,,WI,WRITE-IN,85
Dakota,Secretary of State,,DFL,"Hubert H. ""Buck"" Humphrey",65221
Dakota,Secretary of State,,GP,,3480
Dakota,Secretary of State,,IND,,7114
Dakota,Secretary of State,,R,Mary Kiffmeyer,85471
Dakota,Secretary of State,,WI,WRITE-IN,99
Dakota,State Auditor,,DFL,Carol Johnson,60102
Dakota,State Auditor,,GP,,4715
Dakota,State Auditor,,IND,,11107
Dakota,State Auditor,,R,Patricia Anderson Awada,85982
Dakota,State Auditor,,WI,WRITE-IN,107
Dakota,U.S. Senate,,CP,,132
Dakota,U.S. Senate,,DFL,Walter Mondale,68742
Dakota,U.S. Senate,,GP,,536
Dakota,U.S. Senate,,IND,Jim Moore,2408
Dakota,U.S. Senate,,R,Norm Coleman,96149
Dakota,U.S. Senate,,WI,WRITE-IN,72
Dodge,Attorney General,,DFL,Mike Hatch,3669
Dodge,Attorney General,,IND,,558
Dodge,Attorney General,,R,Tom Kelly,3586
Dodge,Attorney General,,WI,WRITE-IN,2
Dodge,Governor,,CP,,6
Dodge,Governor,,DFL,Roger Moe,1383
Dodge,Governor,,GP,,74
Dodge,Governor,,I,,27
Dodge,Governor,,IND,Tim Penny,3382
Dodge,Governor,,R,Tim Pawlenty,3203
Dodge,Governor,,SWP,,6
Dodge,Governor,,WI,WRITE-IN,7
Dodge,Secretary of State,,DFL,"Hubert H. ""Buck"" Humphrey",3151
Dodge,Secretary of State,,GP,,130
Dodge,Secretary of State,,IND,,580
Dodge,Secretary of State,,R,Mary Kiffmeyer,4029
Dodge,Secretary of State,,WI,WRITE-IN,1
Dodge,State Auditor,,DFL,Carol Johnson,2872
Dodge,State Auditor,,GP,,218
Dodge,State Auditor,,IND,,866
Dodge,State Auditor,,R,Patricia Anderson Awada,3807
Dodge,State Auditor,,WI,WRITE-IN,1
Dodge,U.S. Senate,,CP,,7
Dodge,U.S. Senate,,DFL,Walter Mondale,3592
Dodge,U.S. Senate,,GP,,35
Dodge,U.S. Senate,,IND,Jim Moore,304
Dodge,U.S. Senate,,R,Norm Coleman,4234
Dodge,U.S. Senate,,WI,WRITE-IN,6
Douglas,Attorney General,,DFL,Mike Hatch,7409
Douglas,Attorney General,,IND,,585
Douglas,Attorney General,,R,Tom Kelly,7044
Douglas,Attorney General,,WI,WRITE-IN,14
Douglas,Governor,,CP,,11
Douglas,Governor,,DFL,Roger Moe,4790
Douglas,Governor,,GP,,231
Douglas,Governor,,I,,48
Douglas,Governor,,IND,Tim Penny,2206
Douglas,Governor,,R,Tim Pawlenty,8092
Douglas,Governor,,SWP,,24
Douglas,Governor,,WI,WRITE-IN,11
Douglas,Secretary of State,,DFL,"Hubert H. ""Buck"" Humphrey",5667
Douglas,Secretary of State,,GP,,220
Douglas,Secretary of State,,IND,,723
Douglas,Secretary of State,,R,Mary Kiffmeyer,8467
Douglas,Secretary of State,,WI,WRITE-IN,34
Douglas,State Auditor,,DFL,Carol Johnson,6048
Douglas,State Auditor,,GP,,339
Douglas,State Auditor,,IND,,1036
Douglas,State Auditor,,R,Patricia Anderson Awada,7443
Douglas,State Auditor,,WI,WRITE-IN,16
Douglas,U.S. Senate,,CP,,8
Douglas,U.S. Senate,,DFL,Walter Mondale,6154
Douglas,U.S. Senate,,GP,,54
Douglas,U.S. Senate,,IND,Jim Moore,427
Douglas,U.S. Senate,,R,Norm Coleman,8639
Douglas,U.S. Senate,,WI,WRITE-IN,7
Faribault,Attorney General,,DFL,Mike Hatch,4074
Faribault,Attorney General,,IND,,377
Faribault,Attorney General,,R,Tom Kelly,3027
Faribault,Attorney General,,WI,WRITE-IN,5
Faribault,Governor,,CP,,4
Faribault,Governor,,DFL,Roger Moe,1209
Faribault,Governor,,GP,,58
Faribault,Governor,,I,,19
Faribault,Governor,,IND,Tim Penny,3689
Faribault,Governor,,R,Tim Pawlenty,2626
Faribault,Governor,,SWP,,9
Faribault,Governor,,WI,WRITE-IN,3
Faribault,Secretary of State,,DFL,"Hubert H. ""Buck"" Humphrey",3258
Faribault,Secretary of State,,GP,,89
Faribault,Secretary of State,,IND,,430
Faribault,Secretary of State,,R,Mary Kiffmeyer,3726
Faribault,Secretary of State,,WI,WRITE-IN,3
Faribault,State Auditor,,DFL,Carol Johnson,3129
Faribault,State Auditor,,GP,,215
Faribault,State Auditor,,IND,,820
Faribault,State Auditor,,R,Patricia Anderson Awada,3134
Faribault,State Auditor,,WI,WRITE-IN,5
Faribault,U.S. Senate,,CP,,6
Faribault,U.S. Senate,,DFL,Walter Mondale,3627
Faribault,U.S. Senate,,GP,,18
Faribault,U.S. Senate,,IND,Jim Moore,223
Faribault,U.S. Senate,,R,Norm Coleman,3734
Faribault,U.S. Senate,,WI,WRITE-IN,5
Fillmore,Attorney General,,DFL,Mike Hatch,4610
Fillmore,Attorney General,,IND,,573
Fillmore,Attorney General,,R,Tom Kelly,3806
Fillmore,Attorney General,,WI,WRITE-IN,12
Fillmore,Governor,,CP,,12
Fillmore,Governor,,DFL,Roger Moe,1733
Fillmore,Governor,,GP,,101
Fillmore,Governor,,I,,20
Fillmore,Governor,,IND,Tim Penny,4432
Fillmore,Governor,,R,Tim Pawlenty,2959
Fillmore,Governor,,SWP,,8
Fillmore,Governor,,WI,WRITE-IN,7
Fillmore,Secretary of State,,DFL,"Hubert H. ""Buck"" Humphrey",4190
Fillmore,Secretary of State,,GP,,166
Fillmore,Secretary of State,,IND,,575
Fillmore,Secretary of State,,R,Mary Kiffmeyer,4157
Fillmore,Secretary of State,,WI,WRITE-IN,2
Fillmore,State Auditor,,DFL,Carol Johnson,3892
Fillmore,State Auditor,,GP,,229
Fillmore,State Auditor,,IND,,913
Fillmore,State Auditor,,R,Patricia Anderson Awada,3790
Fillmore,State Auditor,,WI,WRITE-IN,4
Fillmore,U.S. Senate,,CP,,11
Fillmore,U.S. Senate,,DFL,Walter Mondale,4908
Fillmore,U.S. Senate,,GP,,37
Fillmore,U.S. Senate,,IND,Jim Moore,299
Fillmore,U.S. Senate,,R,Norm Coleman,4088
Fillmore,U.S. Senate,,WI,WRITE-IN,5
Freeborn,Attorney General,,DFL,Mike Hatch,8498
Freeborn,Attorney General,,IND,,862
Freeborn,Attorney General,,R,Tom Kelly,5842
Freeborn,Attorney General,,WI,WRITE-IN,33
Freeborn,Governor,,CP,,9
Freeborn,Governor,,DFL,Roger Moe,2827
Freeborn,Governor,,GP,,146
Freeborn,Governor,,I,,33
Freeborn,Governor,,IND,Tim Penny,8189
Freeborn,Governor,,R,Tim Pawlenty,4530
Freeborn,Governor,,SWP,,17
Freeborn,Governor,,WI,WRITE-IN,5
Freeborn,Secretary of State,,DFL,"Hubert H. ""Buck"" Humphrey",7900
Freeborn,Secretary of State,,GP,,214
Freeborn,Secretary of State,,IND,,980
Freeborn,Secretary of State,,R,Mary Kiffmeyer,5845
Freeborn,Secretary of State,,WI,WRITE-IN,10
Freeborn,State Auditor,,DFL,Carol Johnson,6929
Freeborn,State Auditor,,GP,,415
Freeborn,State Auditor,,IND,,2068
Freeborn,State Auditor,,R,Patricia Anderson Awada,5670
Freeborn,State Auditor,,WI,WRITE-IN,7
Freeborn,U.S. Senate,,CP,,25
Freeborn,U.S. Senate,,DFL,Walter Mondale,8418
Freeborn,U.S. Senate,,GP,,46
Freeborn,U.S. Senate,,IND,Jim Moore,516
Freeborn,U.S. Senate,,R,Norm Coleman,6542
Freeborn,U.S. Senate,,WI,WRITE-IN,93
Goodhue,Attorney General,,DFL,Mike Hatch,10557
Goodhue,Attorney General,,IND,,932
Goodhue,Attorney General,,R,Tom Kelly,8695
Goodhue,Attorney General,,WI,WRITE-IN,21
Goodhue,Governor,,CP,,19
Goodhue,Governor,,DFL,Roger Moe,5229
Goodhue,Governor,,GP,,283
Goodhue,Governor,,I,,64
Goodhue,Governor,,IND,Tim Penny,6260
Goodhue,Governor,,R,Tim Pawlenty,8749
Goodhue,Governor,,SWP,,16
Goodhue,Governor,,WI,WRITE-IN,10
Goodhue,Secretary of State,,DFL,"Hubert H. ""Buck"" Humphrey",8416
Goodhue,Secretary of State,,GP,,380
Goodhue,Secretary of State,,IND,,1135
Goodhue,Secretary of State,,R,Mary Kiffmeyer,10316
Goodhue,Secretary of State,,WI,WRITE-IN,8
Goodhue,State Auditor,,DFL,Carol Johnson,8145
Goodhue,State Auditor,,GP,,546
Goodhue,State Auditor,,IND,,1974
Goodhue,State Auditor,,R,Patricia Anderson Awada,9219
Goodhue,State Auditor,,WI,WRITE-IN,16
Goodhue,U.S. Senate,,CP,,22
Goodhue,U.S. Senate,,DFL,Walter Mondale,9169
Goodhue,U.S. Senate,,GP,,95
Goodhue,U.S. Senate,,IND,Jim Moore,512
Goodhue,U.S. Senate,,R,Norm Coleman,10791
Goodhue,U.S. Senate,,WI,WRITE-IN,42
Grant,Attorney General,,DFL,Mike Hatch,1817
Grant,Attorney General,,IND,,137
Grant,Attorney General,,R,Tom Kelly,1262
Grant,Attorney General,,WI,WRITE-IN,0
Grant,Governor,,CP,,3
Grant,Governor,,DFL,Roger Moe,1313
Grant,Governor,,GP,,44
Grant,Governor,,I,,21
Grant,Governor,,IND,Tim Penny,434
Grant,Governor,,R,Tim Pawlenty,1464
Grant,Governor,,SWP,,5
Grant,Governor,,WI,WRITE-IN,1
Grant,Secretary of State,,DFL,"Hubert H. ""Buck"" Humphrey",1568
Grant,Secretary of State,,GP,,33
Grant,Secretary of State,,IND,,142
Grant,Secretary of State,,R,Mary Kiffmeyer,1479
Grant,Secretary of State,,WI,WRITE-IN,0
Grant,State Auditor,,DFL,Carol Johnson,1493
Grant,State Auditor,,GP,,54
Grant,State Auditor,,IND,,224
Grant,State Auditor,,R,Patricia Anderson Awada,1422
Grant,State Auditor,,WI,WRITE-IN,0
Grant,U.S. Senate,,CP,,6
Grant,U.S. Senate,,DFL,Walter Mondale,1594
Grant,U.S. Senate,,GP,,9
Grant,U.S. Senate,,IND,Jim Moore,100
Grant,U.S. Senate,,R,Norm Coleman,1551
Grant,U.S. Senate,,WI,WRITE-IN,2
Hennepin,Attorney General,,DFL,Mike Hatch,284017
Hennepin,Attorney General,,IND,,22670
Hennepin,Attorney General,,R,Tom Kelly,192488
Hennepin,Attorney General,,WI,WRITE-IN,539
Hennepin,Governor,,CP,,431
Hennepin,Governor,,DFL,Roger Moe,213147
Hennepin,Governor,,GP,,17644
Hennepin,Governor,,I,,2715
Hennepin,Governor,,IND,Tim Penny,71010
Hennepin,Governor,,R,Tim Pawlenty,210140
Hennepin,Governor,,SWP,,605
Hennepin,Governor,,WI,WRITE-IN,286
Hennepin,Secretary of State,,DFL,"Hubert H. ""Buck"" Humphrey",225268
Hennepin,Secretary of State,,GP,,26344
Hennepin,Secretary of State,,IND,,22763
Hennepin,Secretary of State,,R,Mary Kiffmeyer,225236
Hennepin,Secretary of State,,WI,WRITE-IN,269
Hennepin,State Auditor,,DFL,Carol Johnson,220610
Hennepin,State Auditor,,GP,,24662
Hennepin,State Auditor,,IND,,36003
Hennepin,State Auditor,,R,Patricia Anderson Awada,203245
Hennepin,State Auditor,,WI,WRITE-IN,501
Hennepin,U.S. Senate,,CP,,391
Hennepin,U.S. Senate,,DFL,Walter Mondale,268504
Hennepin,U.S. Senate,,GP,,2780
Hennepin,U.S. Senate,,IND,Jim Moore,7711
Hennepin,U.S. Senate,,R,Norm Coleman,233779
Hennepin,U.S. Senate,,WI,WRITE-IN,376
Houston,Attorney General,,DFL,Mike Hatch,3744
Houston,Attorney General,,IND,,506
Houston,Attorney General,,R,Tom Kelly,4103
Houston,Attorney General,,WI,WRITE-IN,6
Houston,Governor,,CP,,14
Houston,Governor,,DFL,Roger Moe,2007
Houston,Governor,,GP,,100
Houston,Governor,,I,,35
Houston,Governor,,IND,Tim Penny,3060
Houston,Governor,,R,Tim Pawlenty,3358
Houston,Governor,,SWP,,23
Houston,Governor,,WI,WRITE-IN,3
Houston,Secretary of State,,DFL,"Hubert H. ""Buck"" Humphrey",3807
Houston,Secretary of State,,GP,,230
Houston,Secretary of State,,IND,,518
Houston,Secretary of State,,R,Mary Kiffmeyer,3894
Houston,Secretary of State,,WI,WRITE-IN,1
Houston,State Auditor,,DFL,Carol Johnson,3547
Houston,State Auditor,,GP,,275
Houston,State Auditor,,IND,,619
Houston,State Auditor,,R,Patricia Anderson Awada,3881
Houston,State Auditor,,WI,WRITE-IN,5
Houston,U.S. Senate,,CP,,14
Houston,U.S. Senate,,DFL,Walter Mondale,4110
Houston,U.S. Senate,,GP,,46
Houston,U.S. Senate,,IND,Jim Moore,243
Houston,U.S. Senate,,R,Norm Coleman,4234
Houston,U.S. Senate,,WI,WRITE-IN,4
Hubbard,Attorney General,,DFL,Mike Hatch,4442
Hubbard,Attorney General,,IND,,392
Hubbard,Attorney General,,R,Tom Kelly,4181
Hubbard,Attorney General,,WI,WRITE-IN,0
Hubbard,Governor,,CP,,11
Hubbard,Governor,,DFL,Roger Moe,3246
Hubbard,Governor,,GP,,187
Hubbard,Governor,,I,,49
Hubbard,Governor,,IND,Tim Penny,1010
Hubbard,Governor,,R,Tim Pawlenty,4562
Hubbard,Governor,,SWP,,8
Hubbard,Governor,,WI,WRITE-IN,7
Hubbard,Secretary of State,,DFL,"Hubert H. ""Buck"" Humphrey",3604
Hubbard,Secretary of State,,GP,,221
Hubbard,Secretary of State,,IND,,457
Hubbard,Secretary of State,,R,Mary Kiffmeyer,4756
Hubbard,Secretary of State,,WI,WRITE-IN,2
Hubbard,State Auditor,,DFL,Carol Johnson,3638
Hubbard,State Auditor,,GP,,267
Hubbard,State Auditor,,IND,,641
Hubbard,State Auditor,,R,Patricia Anderson Awada,4313
Hubbard,State Auditor,,WI,WRITE-IN,2
Hubbard,U.S. Senate,,CP,,8
Hubbard,U.S. Senate,,DFL,Walter Mondale,3758
Hubbard,U.S. Senate,,GP,,32
Hubbard,U.S. Senate,,IND,Jim Moore,222
Hubbard,U.S. Senate,,R,Norm Coleman,4944
Hubbard,U.S. Senate,,WI,WRITE-IN,11
Isanti,Attorney General,,DFL,Mike Hatch,7302
Isanti,Attorney General,,IND,,680
Isanti,Attorney General,,R,Tom Kelly,6503
Isanti,Attorney General,,WI,WRITE-IN,10
Isanti,Governor,,CP,,19
Isanti,Governor,,DFL,Roger Moe,4745
Isanti,Governor,,GP,,250
Isanti,Governor,,I,,78
Isanti,Governor,,IND,Tim Penny,1820
Isanti,Governor,,R,Tim Pawlenty,7827
Isanti,Governor,,SWP,,21
Isanti,Governor,,WI,WRITE-IN,11
Isanti,Secretary of State,,DFL,"Hubert H. ""Buck"" Humphrey",6057
Isanti,Secretary of State,,GP,,246
Isanti,Secretary of State,,IND,,791
Isanti,Secretary of State,,R,Mary Kiffmeyer,7397
Isanti,Secretary of State,,WI,WRITE-IN,5
Isanti,State Auditor,,DFL,Carol Johnson,6078
Isanti,State Auditor,,GP,,344
Isanti,State Auditor,,IND,,1139
Isanti,State Auditor,,R,Patricia Anderson Awada,6612
Isanti,State Auditor,,WI,WRITE-IN,14
Isanti,U.S. Senate,,CP,,17
Isanti,U.S. Senate,,DFL,Walter Mondale,6019
Isanti,U.S. Senate,,GP,,59
Isanti,U.S. Senate,,IND,Jim Moore,319
Isanti,U.S. Senate,,R,Norm Coleman,8365
Isanti,U.S. Senate,,WI,WRITE-IN,6
Itasca,Attorney General,,DFL,Mike Hatch,12141
Itasca,Attorney General,,IND,,804
Itasca,Attorney General,,R,Tom Kelly,6143
Itasca,Attorney General,,WI,WRITE-IN,116
Itasca,Governor,,CP,,31
Itasca,Governor,,DFL,Roger Moe,9917
Itasca,Governor,,GP,,397
Itasca,Governor,,I,,76
Itasca,Governor,,IND,Tim Penny,2273
Itasca,Governor,,R,Tim Pawlenty,6770
Itasca,Governor,,SWP,,26
Itasca,Governor,,WI,WRITE-IN,21
Itasca,Secretary of State,,DFL,"Hubert H. ""Buck"" Humphrey",10521
Itasca,Secretary of State,,GP,,413
Itasca,Secretary of State,,IND,,905
Itasca,Secretary of State,,R,Mary Kiffmeyer,7087
Itasca,Secretary of State,,WI,WRITE-IN,12
Itasca,State Auditor,,DFL,Carol Johnson,10117
Itasca,State Auditor,,GP,,551
Itasca,State Auditor,,IND,,1611
Itasca,State Auditor,,R,Patricia Anderson Awada,6633
Itasca,State Auditor,,WI,WRITE-IN,16
Itasca,U.S. Senate,,CP,,32
Itasca,U.S. Senate,,DFL,Walter Mondale,10928
Itasca,U.S. Senate,,GP,,85
Itasca,U.S. Senate,,IND,Jim Moore,464
Itasca,U.S. Senate,,R,Norm Coleman,7849
Itasca,U.S. Senate,,WI,WRITE-IN,31
Jackson,Attorney General,,DFL,Mike Hatch,2759
Jackson,Attorney General,,IND,,224
Jackson,Attorney General,,R,Tom Kelly,1982
Jackson,Attorney General,,WI,WRITE-IN,2
Jackson,Governor,,CP,,9
Jackson,Governor,,DFL,Roger Moe,1719
Jackson,Governor,,GP,,58
Jackson,Governor,,I,,28
Jackson,Governor,,IND,Tim Penny,986
Jackson,Governor,,R,Tim Pawlenty,2161
Jackson,Governor,,SWP,,14
Jackson,Governor,,WI,WRITE-IN,9
Jackson,Secretary of State,,DFL,"Hubert H. ""Buck"" Humphrey",2372
Jackson,Secretary of State,,GP,,73
Jackson,Secretary of State,,IND,,289
Jackson,Secretary of State,,R,Mary Kiffmeyer,2232
Jackson,Secretary of State,,WI,WRITE-IN,1
Jackson,State Auditor,,DFL,Carol Johnson,2362
Jackson,State Auditor,,GP,,103
Jackson,State Auditor,,IND,,385
Jackson,State Auditor,,R,Patricia Anderson Awada,2054
Jackson,State Auditor,,WI,WRITE-IN,6
Jackson,U.S. Senate,,CP,,7
Jackson,U.S. Senate,,DFL,Walter Mondale,2526
Jackson,U.S. Senate,,GP,,23
Jackson,U.S. Senate,,IND,Jim Moore,151
Jackson,U.S. Senate,,R,Norm Coleman,2356
Jackson,U.S. Senate,,WI,WRITE-IN,5
Kanabec,Attorney General,,DFL,Mike Hatch,3410
Kanabec,Attorney General,,IND,,308
Kanabec,Attorney General,,R,Tom Kelly,2644
Kanabec,Attorney General,,WI,WRITE-IN,10
Kanabec,Governor,,CP,,8
Kanabec,Governor,,DFL,Roger Moe,2177
Kanabec,Governor,,GP,,105
Kanabec,Governor,,I,,41
Kanabec,Governor,,IND,Tim Penny,815
Kanabec,Governor,,R,Tim Pawlenty,3302
Kanabec,Governor,,SWP,,10
Kanabec,Governor,,WI,WRITE-IN,6
Kanabec,Secretary of State,,DFL,"Hubert H. ""Buck"" Humphrey",2769
Kanabec,Secretary of State,,GP,,88
Kanabec,Secretary of State,,IND,,307
Kanabec,Secretary of State,,R,Mary Kiffmeyer,3224
Kanabec,Secretary of State,,WI,WRITE-IN,4
Kanabec,State Auditor,,DFL,Carol Johnson,2855
Kanabec,State Auditor,,GP,,146
Kanabec,State Auditor,,IND,,492
Kanabec,State Auditor,,R,Patricia Anderson Awada,2764
Kanabec,State Auditor,,WI,WRITE-IN,4
Kanabec,U.S. Senate,,CP,,16
Kanabec,U.S. Senate,,DFL,Walter Mondale,2755
Kanabec,U.S. Senate,,GP,,37
Kanabec,U.S. Senate,,IND,Jim Moore,168
Kanabec,U.S. Senate,,R,Norm Coleman,3508
Kanabec,U.S. Senate,,WI,WRITE-IN,1
Kandiyohi,Attorney General,,DFL,Mike Hatch,9683
Kandiyohi,Attorney General,,IND,,652
Kandiyohi,Attorney General,,R,Tom Kelly,7430
Kandiyohi,Attorney General,,WI,WRITE-IN,8
Kandiyohi,Governor,,CP,,23
Kandiyohi,Governor,,DFL,Roger Moe,6879
Kandiyohi,Governor,,GP,,199
Kandiyohi,Governor,,I,,52
Kandiyohi,Governor,,IND,Tim Penny,2483
Kandiyohi,Governor,,R,Tim Pawlenty,8332
Kandiyohi,Governor,,SWP,,22
Kandiyohi,Governor,,WI,WRITE-IN,12
Kandiyohi,Secretary of State,,DFL,"Hubert H. ""Buck"" Humphrey",7754
Kandiyohi,Secretary of State,,GP,,297
Kandiyohi,Secretary of State,,IND,,844
Kandiyohi,Secretary of State,,R,Mary Kiffmeyer,8871
Kandiyohi,Secretary of State,,WI,WRITE-IN,6
Kandiyohi,State Auditor,,DFL,Carol Johnson,7843
Kandiyohi,State Auditor,,GP,,397
Kandiyohi,State Auditor,,IND,,1231
Kandiyohi,State Auditor,,R,Patricia Anderson Awada,8004
Kandiyohi,State Auditor,,WI,WRITE-IN,13
Kandiyohi,U.S. Senate,,CP,,12
Kandiyohi,U.S. Senate,,DFL,Walter Mondale,8245
Kandiyohi,U.S. Senate,,GP,,48
Kandiyohi,U.S. Senate,,IND,Jim Moore,404
Kandiyohi,U.S. Senate,,R,Norm Coleman,9345
Kandiyohi,U.S. Senate,,WI,WRITE-IN,6
Kittson,Attorney General,,DFL,Mike Hatch,1461
Kittson,Attorney General,,IND,,76
Kittson,Attorney General,,R,Tom Kelly,820
Kittson,Attorney General,,WI,WRITE-IN,5
Kittson,Governor,,CP,,3
Kittson,Governor,,DFL,Roger Moe,1470
Kittson,Governor,,GP,,17
Kittson,Governor,,I,,8
Kittson,Governor,,IND,Tim Penny,189
Kittson,Governor,,R,Tim Pawlenty,735
Kittson,Governor,,SWP,,3
Kittson,Governor,,WI,WRITE-IN,0
Kittson,Secretary of State,,DFL,"Hubert H. ""Buck"" Humphrey",1405
Kittson,Secretary of State,,GP,,16
Kittson,Secretary of State,,IND,,70
Kittson,Secretary of State,,R,Mary Kiffmeyer,908
Kittson,Secretary of State,,WI,WRITE-IN,1
Kittson,State Auditor,,DFL,Carol Johnson,1452
Kittson,State Auditor,,GP,,25
Kittson,State Auditor,,IND,,119
Kittson,State Auditor,,R,Patricia Anderson Awada,761
Kittson,State Auditor,,WI,WRITE-IN,2
Kittson,U.S. Senate,,CP,,6
Kittson,U.S. Senate,,DFL,Walter Mondale,1212
Kittson,U.S. Senate,,GP,,4
Kittson,U.S. Senate,,IND,Jim Moore,57
Kittson,U.S. Senate,,R,Norm Coleman,937
Kittson,U.S. Senate,,WI,WRITE-IN,1
Koochiching,Attorney General,,DFL,Mike Hatch,3848
Koochiching,Attorney General,,IND,,279
Koochiching,Attorney General,,R,Tom Kelly,1737
Koochiching,Attorney General,,WI,WRITE-IN,17
Koochiching,Governor,,CP,,12
Koochiching,Governor,,DFL,Roger Moe,2866
Koochiching,Governor,,GP,,98
Koochiching,Governor,,I,,33
Koochiching,Governor,,IND,Tim Penny,776
Koochiching,Governor,,R,Tim Pawlenty,2186
Koochiching,Governor,,SWP,,5
Koochiching,Governor,,WI,WRITE-IN,2
Koochiching,Secretary of State,,DFL,"Hubert H. ""Buck"" Humphrey",3016
Koochiching,Secretary of State,,GP,,84
Koochiching,Secretary of State,,IND,,301
Koochiching,Secretary of State,,R,Mary Kiffmeyer,2495
Koochiching,Secretary of State,,WI,WRITE-IN,4
Koochiching,State Auditor,,DFL,Carol Johnson,3046
Koochiching,State Auditor,,GP,,127
Koochiching,State Auditor,,IND,,570
Koochiching,State Auditor,,R,Patricia Anderson Awada,2074
Koochiching,State Auditor,,WI,WRITE-IN,6
Koochiching,U.S. Senate,,CP,,6
Koochiching,U.S. Senate,,DFL,Walter Mondale,3106
Koochiching,U.S. Senate,,GP,,12
Koochiching,U.S. Senate,,IND,Jim Moore,153
Koochiching,U.S. Senate,,R,Norm Coleman,2735
Koochiching,U.S. Senate,,WI,WRITE-IN,4
Lac Qui Parle,Attorney General,,DFL,Mike Hatch,2441
Lac Qui Parle,Attorney General,,IND,,209
Lac Qui Parle,Attorney General,,R,Tom Kelly,1354
Lac Qui Parle,Attorney General,,WI,WRITE-IN,0
Lac Qui Parle,Governor,,CP,,5
Lac Qui Parle,Governor,,DFL,Roger Moe,1797
Lac Qui Parle,Governor,,GP,,53
Lac Qui Parle,Governor,,I,,20
Lac Qui Parle,Governor,,IND,Tim Penny,644
Lac Qui Parle,Governor,,R,Tim Pawlenty,1511
Lac Qui Parle,Governor,,SWP,,9
Lac Qui Parle,Governor,,WI,WRITE-IN,2
Lac Qui Parle,Secretary of State,,DFL,"Hubert H. ""Buck"" Humphrey",2042
Lac Qui Parle,Secretary of State,,GP,,43
Lac Qui Parle,Secretary of State,,IND,,216
Lac Qui Parle,Secretary of State,,R,Mary Kiffmeyer,1714
Lac Qui Parle,Secretary of State,,WI,WRITE-IN,0
Lac Qui Parle,State Auditor,,DFL,Carol Johnson,2116
Lac Qui Parle,State Auditor,,GP,,72
Lac Qui Parle,State Auditor,,IND,,276
Lac Qui Parle,State Auditor,,R,Patricia Anderson Awada,1512
Lac Qui Parle,State Auditor,,WI,WRITE-IN,0
Lac Qui Parle,U.S. Senate,,CP,,4
Lac Qui Parle,U.S. Senate,,DFL,Walter Mondale,2236
Lac Qui Parle,U.S. Senate,,GP,,11
Lac Qui Parle,U.S. Senate,,IND,Jim Moore,146
Lac Qui Parle,U.S. Senate,,R,Norm Coleman,1653
Lac Qui Parle,U.S. Senate,,WI,WRITE-IN,2
Lake,Attorney General,,DFL,Mike Hatch,4052
Lake,Attorney General,,IND,,303
Lake,Attorney General,,R,Tom Kelly,1600
Lake,Attorney General,,WI,WRITE-IN,3
Lake,Governor,,CP,,12
Lake,Governor,,DFL,Roger Moe,3333
Lake,Governor,,GP,,128
Lake,Governor,,I,,25
Lake,Governor,,IND,Tim Penny,730
Lake,Governor,,R,Tim Pawlenty,1792
Lake,Governor,,SWP,,6
Lake,Governor,,WI,WRITE-IN,4
Lake,Secretary of State,,DFL,"Hubert H. ""Buck"" Humphrey",3402
Lake,Secretary of State,,GP,,228
Lake,Secretary of State,,IND,,330
Lake,Secretary of State,,R,Mary Kiffmeyer,1995
Lake,Secretary of State,,WI,WRITE-IN,4
Lake,State Auditor,,DFL,Carol Johnson,3382
Lake,State Auditor,,GP,,242
Lake,State Auditor,,IND,,535
Lake,State Auditor,,R,Patricia Anderson Awada,1706
Lake,State Auditor,,WI,WRITE-IN,5
Lake,U.S. Senate,,CP,,7
Lake,U.S. Senate,,DFL,Walter Mondale,3542
Lake,U.S. Senate,,GP,,27
Lake,U.S. Senate,,IND,Jim Moore,170
Lake,U.S. Senate,,R,Norm Coleman,2229
Lake,U.S. Senate,,WI,WRITE-IN,2
Lake of the Woods,Attorney General,,DFL,Mike Hatch,1049
Lake of the Woods,Attorney General,,IND,,145
Lake of the Woods,Attorney General,,R,Tom Kelly,885
Lake of the Woods,Attorney General,,WI,WRITE-IN,6
Lake of the Woods,Governor,,CP,,5
Lake of the Woods,Governor,,DFL,Roger Moe,944
Lake of the Woods,Governor,,GP,,26
Lake of the Woods,Governor,,I,,21
Lake of the Woods,Governor,,IND,Tim Penny,254
Lake of the Woods,Governor,,R,Tim Pawlenty,888
Lake of the Woods,Governor,,SWP,,6
Lake of the Woods,Governor,,WI,WRITE-IN,2
Lake of the Woods,Secretary of State,,DFL,"Hubert H. ""Buck"" Humphrey",971
Lake of the Woods,Secretary of State,,GP,,27
Lake of the Woods,Secretary of State,,IND,,136
Lake of the Woods,Secretary of State,,R,Mary Kiffmeyer,990
Lake of the Woods,Secretary of State,,WI,WRITE-IN,1
Lake of the Woods,State Auditor,,DFL,Carol Johnson,936
Lake of the Woods,State Auditor,,GP,,38
Lake of the Woods,State Auditor,,IND,,178
Lake of the Woods,State Auditor,,R,Patricia Anderson Awada,920
Lake of the Woods,State Auditor,,WI,WRITE-IN,0
Lake of the Woods,U.S. Senate,,CP,,4
Lake of the Woods,U.S. Senate,,DFL,Walter Mondale,754
Lake of the Woods,U.S. Senate,,GP,,15
Lake of the Woods,U.S. Senate,,IND,Jim Moore,100
Lake of the Woods,U.S. Senate,,R,Norm Coleman,1125
Lake of the Woods,U.S. Senate,,WI,WRITE-IN,5
Le Sueur,Attorney General,,DFL,Mike Hatch,6261
Le Sueur,Attorney General,,IND,,594
Le Sueur,Attorney General,,R,Tom Kelly,4663
Le Sueur,Attorney General,,WI,WRITE-IN,46
Le Sueur,Governor,,CP,,9
Le Sueur,Governor,,DFL,Roger Moe,2824
Le Sueur,Governor,,GP,,184
Le Sueur,Governor,,I,,34
Le Sueur,Governor,,IND,Tim Penny,3739
Le Sueur,Governor,,R,Tim Pawlenty,5038
Le Sueur,Governor,,SWP,,16
Le Sueur,Governor,,WI,WRITE-IN,3
Le Sueur,Secretary of State,,DFL,"Hubert H. ""Buck"" Humphrey",5224
Le Sueur,Secretary of State,,GP,,229
Le Sueur,Secretary of State,,IND,,724
Le Sueur,Secretary of State,,R,Mary Kiffmeyer,5424
Le Sueur,Secretary of State,,WI,WRITE-IN,5
Le Sueur,State Auditor,,DFL,Carol Johnson,5044
Le Sueur,State Auditor,,GP,,306
Le Sueur,State Auditor,,IND,,1122
Le Sueur,State Auditor,,R,Patricia Anderson Awada,4941
Le Sueur,State Auditor,,WI,WRITE-IN,15
Le Sueur,U.S. Senate,,CP,,12
Le Sueur,U.S. Senate,,DFL,Walter Mondale,5302
Le Sueur,U.S. Senate,,GP,,66
Le Sueur,U.S. Senate,,IND,Jim Moore,342
Le Sueur,U.S. Senate,,R,Norm Coleman,6152
Le Sueur,U.S. Senate,,WI,WRITE-IN,7
Lincoln,Attorney General,,DFL,Mike Hatch,1679
Lincoln,Attorney General,,IND,,158
Lincoln,Attorney General,,R,Tom Kelly,1159
Lincoln,Attorney General,,WI,WRITE-IN,0
Lincoln,Governor,,CP,,8
Lincoln,Governor,,DFL,Roger Moe,1278
Lincoln,Governor,,GP,,37
Lincoln,Governor,,I,,25
Lincoln,Governor,,IND,Tim Penny,436
Lincoln,Governor,,R,Tim Pawlenty,1240
Lincoln,Governor,,SWP,,7
Lincoln,Governor,,WI,WRITE-IN,1
Lincoln,Secretary of State,,DFL,"Hubert H. ""Buck"" Humphrey",1497
Lincoln,Secretary of State,,GP,,48
Lincoln,Secretary of State,,IND,,139
Lincoln,Secretary of State,,R,Mary Kiffmeyer,1333
Lincoln,Secretary of State,,WI,WRITE-IN,1
Lincoln,State Auditor,,DFL,Carol Johnson,1552
Lincoln,State Auditor,,GP,,58
Lincoln,State Auditor,,IND,,223
Lincoln,State Auditor,,R,Patricia Anderson Awada,1137
Lincoln,State Auditor,,WI,WRITE-IN,4
Lincoln,U.S. Senate,,CP,,4
Lincoln,U.S. Senate,,DFL,Walter Mondale,1660
Lincoln,U.S. Senate,,GP,,11
Lincoln,U.S. Senate,,IND,Jim Moore,95
Lincoln,U.S. Senate,,R,Norm Coleman,1298
Lincoln,U.S. Senate,,WI,WRITE-IN,10
Lyon,Attorney General,,DFL,Mike Hatch,4962
Lyon,Attorney General,,IND,,365
Lyon,Attorney General,,R,Tom Kelly,4439
Lyon,Attorney General,,WI,WRITE-IN,5
Lyon,Governor,,CP,,20
Lyon,Governor,,DFL,Roger Moe,3349
Lyon,Governor,,GP,,139
Lyon,Governor,,I,,34
Lyon,Governor,,IND,Tim Penny,1477
Lyon,Governor,,R,Tim Pawlenty,4896
Lyon,Governor,,SWP,,21
Lyon,Governor,,WI,WRITE-IN,8
Lyon,Secretary of State,,DFL,"Hubert H. ""Buck"" Humphrey",4188
Lyon,Secretary of State,,GP,,192
Lyon,Secretary of State,,IND,,429
Lyon,Secretary of State,,R,Mary Kiffmeyer,5018
Lyon,Secretary of State,,WI,WRITE-IN,2
Lyon,State Auditor,,DFL,Carol Johnson,4332
Lyon,State Auditor,,GP,,227
Lyon,State Auditor,,IND,,643
Lyon,State Auditor,,R,Patricia Anderson Awada,4447
Lyon,State Auditor,,WI,WRITE-IN,13
Lyon,U.S. Senate,,CP,,15
Lyon,U.S. Senate,,DFL,Walter Mondale,4632
Lyon,U.S. Senate,,GP,,35
Lyon,U.S. Senate,,IND,Jim Moore,270
Lyon,U.S. Senate,,R,Norm Coleman,5109
Lyon,U.S. Senate,,WI,WRITE-IN,4
Mahnomen,Attorney General,,DFL,Mike Hatch,1330
Mahnomen,Attorney General,,IND,,143
Mahnomen,Attorney General,,R,Tom Kelly,789
Mahnomen,Attorney General,,WI,WRITE-IN,1
Mahnomen,Governor,,CP,,10
Mahnomen,Governor,,DFL,Roger Moe,1100
Mahnomen,Governor,,GP,,35
Mahnomen,Governor,,I,,29
Mahnomen,Governor,,IND,Tim Penny,226
Mahnomen,Governor,,R,Tim Pawlenty,926
Mahnomen,Governor,,SWP,,14
Mahnomen,Governor,,WI,WRITE-IN,3
Mahnomen,Secretary of State,,DFL,"Hubert H. ""Buck"" Humphrey",1203
Mahnomen,Secretary of State,,GP,,48
Mahnomen,Secretary of State,,IND,,160
Mahnomen,Secretary of State,,R,Mary Kiffmeyer,873
Mahnomen,Secretary of State,,WI,WRITE-IN,1
Mahnomen,State Auditor,,DFL,Carol Johnson,1217
Mahnomen,State Auditor,,GP,,56
Mahnomen,State Auditor,,IND,,199
Mahnomen,State Auditor,,R,Patricia Anderson Awada,772
Mahnomen,State Auditor,,WI,WRITE-IN,1
Mahnomen,U.S. Senate,,CP,,6
Mahnomen,U.S. Senate,,DFL,Walter Mondale,1218
Mahnomen,U.S. Senate,,GP,,14
Mahnomen,U.S. Senate,,IND,Jim Moore,62
Mahnomen,U.S. Senate,,R,Norm Coleman,1039
Mahnomen,U.S. Senate,,WI,WRITE-IN,1
Marshall,Attorney General,,DFL,Mike Hatch,2671
Marshall,Attorney General,,IND,,224
Marshall,Attorney General,,R,Tom Kelly,1759
Marshall,Attorney General,,WI,WRITE-IN,0
Marshall,Governor,,CP,,5
Marshall,Governor,,DFL,Roger Moe,2348
Marshall,Governor,,GP,,36
Marshall,Governor,,I,,31
Marshall,Governor,,IND,Tim Penny,398
Marshall,Governor,,R,Tim Pawlenty,1975
Marshall,Governor,,SWP,,12
Marshall,Governor,,WI,WRITE-IN,4
Marshall,Secretary of State,,DFL,"Hubert H. ""Buck"" Humphrey",2494
Marshall,Secretary of State,,GP,,42
Marshall,Secretary of State,,IND,,199
Marshall,Secretary of State,,R,Mary Kiffmeyer,1990
Marshall,Secretary of State,,WI,WRITE-IN,0
Marshall,State Auditor,,DFL,Carol Johnson,2421
Marshall,State Auditor,,GP,,65
Marshall,State Auditor,,IND,,348
Marshall,State Auditor,,R,Patricia Anderson Awada,1776
Marshall,State Auditor,,WI,WRITE-IN,2
Marshall,U.S. Senate,,CP,,6
Marshall,U.S. Senate,,DFL,Walter Mondale,2439
Marshall,U.S. Senate,,GP,,9
Marshall,U.S. Senate,,IND,Jim Moore,149
Marshall,U.S. Senate,,R,Norm Coleman,2173
Marshall,U.S. Senate,,WI,WRITE-IN,4
Martin,Attorney General,,DFL,Mike Hatch,4809
Martin,Attorney General,,IND,,377
Martin,Attorney General,,R,Tom Kelly,4099
Martin,Attorney General,,WI,WRITE-IN,2
Martin,Governor,,CP,,7
Martin,Governor,,DFL,Roger Moe,2389
Martin,Governor,,GP,,103
Martin,Governor,,I,,43
Martin,Governor,,IND,Tim Penny,2399
Martin,Governor,,R,Tim Pawlenty,4437
Martin,Governor,,SWP,,8
Martin,Governor,,WI,WRITE-IN,0
Martin,Secretary of State,,DFL,"Hubert H. ""Buck"" Humphrey",3895
Martin,Secretary of State,,GP,,180
Martin,Secretary of State,,IND,,488
Martin,Secretary of State,,R,Mary Kiffmeyer,4682
Martin,Secretary of State,,WI,WRITE-IN,1
Martin,State Auditor,,DFL,Carol Johnson,3526
Martin,State Auditor,,GP,,217
Martin,State Auditor,,IND,,896
Martin,State Auditor,,R,Patricia Anderson Awada,4462
Martin,State Auditor,,WI,WRITE-IN,2
Martin,U.S. Senate,,CP,,9
Martin,U.S. Senate,,DFL,Walter Mondale,4039
Martin,U.S. Senate,,GP,,34
Martin,U.S. Senate,,IND,Jim Moore,251
Martin,U.S. Senate,,R,Norm Coleman,5024
Martin,U.S. Senate,,WI,WRITE-IN,7
McLeod,Attorney General,,DFL,Mike Hatch,6505
McLeod,Attorney General,,IND,,695
McLeod,Attorney General,,R,Tom Kelly,6861
McLeod,Attorney General,,WI,WRITE-IN,12
McLeod,Governor,,CP,,34
McLeod,Governor,,DFL,Roger Moe,3583
McLeod,Governor,,GP,,226
McLeod,Governor,,I,,59
McLeod,Governor,,IND,Tim Penny,2419
McLeod,Governor,,R,Tim Pawlenty,8010
McLeod,Governor,,SWP,,17
McLeod,Governor,,WI,WRITE-IN,8
McLeod,Secretary of State,,DFL,"Hubert H. ""Buck"" Humphrey",5028
McLeod,Secretary of State,,GP,,185
McLeod,Secretary of State,,IND,,746
McLeod,Secretary of State,,R,Mary Kiffmeyer,8139
McLeod,Secretary of State,,WI,WRITE-IN,6
McLeod,State Auditor,,DFL,Carol Johnson,4816
McLeod,State Auditor,,GP,,289
McLeod,State Auditor,,IND,,1325
McLeod,State Auditor,,R,Patricia Anderson Awada,7439
McLeod,State Auditor,,WI,WRITE-IN,11
McLeod,U.S. Senate,,CP,,26
McLeod,U.S. Senate,,DFL,Walter Mondale,5174
McLeod,U.S. Senate,,GP,,57
McLeod,U.S. Senate,,IND,Jim Moore,451
McLeod,U.S. Senate,,R,Norm Coleman,8626
McLeod,U.S. Senate,,WI,WRITE-IN,6
Meeker,Attorney General,,DFL,Mike Hatch,5246
Meeker,Attorney General,,IND,,504
Meeker,Attorney General,,R,Tom Kelly,4470
Meeker,Attorney General,,WI,WRITE-IN,2
Meeker,Governor,,CP,,54
Meeker,Governor,,DFL,Roger Moe,3128
Meeker,Governor,,GP,,150
Meeker,Governor,,I,,54
Meeker,Governor,,IND,Tim Penny,1753
Meeker,Governor,,R,Tim Pawlenty,5182
Meeker,Governor,,SWP,,23
Meeker,Governor,,WI,WRITE-IN,2
Meeker,Secretary of State,,DFL,"Hubert H. ""Buck"" Humphrey",3956
Meeker,Secretary of State,,GP,,170
Meeker,Secretary of State,,IND,,563
Meeker,Secretary of State,,R,Mary Kiffmeyer,5545
Meeker,Secretary of State,,WI,WRITE-IN,1
Meeker,State Auditor,,DFL,Carol Johnson,3994
Meeker,State Auditor,,GP,,275
Meeker,State Auditor,,IND,,887
Meeker,State Auditor,,R,Patricia Anderson Awada,4877
Meeker,State Auditor,,WI,WRITE-IN,2
Meeker,U.S. Senate,,CP,,42
Meeker,U.S. Senate,,DFL,Walter Mondale,4274
Meeker,U.S. Senate,,GP,,43
Meeker,U.S. Senate,,IND,Jim Moore,321
Meeker,U.S. Senate,,R,Norm Coleman,5704
Meeker,U.S. Senate,,WI,WRITE-IN,11
Mille Lacs,Attorney General,,DFL,Mike Hatch,5226
Mille Lacs,Attorney General,,IND,,507
Mille Lacs,Attorney General,,R,Tom Kelly,4285
Mille Lacs,Attorney General,,WI,WRITE-IN,4
Mille Lacs,Governor,,CP,,18
Mille Lacs,Governor,,DFL,Roger Moe,3205
Mille Lacs,Governor,,GP,,170
Mille Lacs,Governor,,I,,62
Mille Lacs,Governor,,IND,Tim Penny,1510
Mille Lacs,Governor,,R,Tim Pawlenty,5190
Mille Lacs,Governor,,SWP,,14
Mille Lacs,Governor,,WI,WRITE-IN,3
Mille Lacs,Secretary of State,,DFL,"Hubert H. ""Buck"" Humphrey",4018
Mille Lacs,Secretary of State,,GP,,214
Mille Lacs,Secretary of State,,IND,,478
Mille Lacs,Secretary of State,,R,Mary Kiffmeyer,5361
Mille Lacs,Secretary of State,,WI,WRITE-IN,4
Mille Lacs,State Auditor,,DFL,Carol Johnson,4193
Mille Lacs,State Auditor,,GP,,355
Mille Lacs,State Auditor,,IND,,828
Mille Lacs,State Auditor,,R,Patricia Anderson Awada,4461
Mille Lacs,State Auditor,,WI,WRITE-IN,7
Mille Lacs,U.S. Senate,,CP,,17
Mille Lacs,U.S. Senate,,DFL,Walter Mondale,4355
Mille Lacs,U.S. Senate,,GP,,56
Mille Lacs,U.S. Senate,,IND,Jim Moore,254
Mille Lacs,U.S. Senate,,R,Norm Coleman,5454
Mille Lacs,U.S. Senate,,WI,WRITE-IN,3
Morrison,Attorney General,,DFL,Mike Hatch,7619
Morrison,Attorney General,,IND,,721
Morrison,Attorney General,,R,Tom Kelly,5594
Morrison,Attorney General,,WI,WRITE-IN,0
Morrison,Governor,,CP,,29
Morrison,Governor,,DFL,Roger Moe,3985
Morrison,Governor,,GP,,219
Morrison,Governor,,I,,80
Morrison,Governor,,IND,Tim Penny,2014
Morrison,Governor,,R,Tim Pawlenty,7838
Morrison,Governor,,SWP,,39
Morrison,Governor,,WI,WRITE-IN,0
Morrison,Secretary of State,,DFL,"Hubert H. ""Buck"" Humphrey",5119
Morrison,Secretary of State,,GP,,257
Morrison,Secretary of State,,IND,,572
Morrison,Secretary of State,,R,Mary Kiffmeyer,8186
Morrison,Secretary of State,,WI,WRITE-IN,0
Morrison,State Auditor,,DFL,Carol Johnson,6351
Morrison,State Auditor,,GP,,397
Morrison,State Auditor,,IND,,1022
Morrison,State Auditor,,R,Patricia Anderson Awada,5890
Morrison,State Auditor,,WI,WRITE-IN,0
Morrison,U.S. Senate,,CP,,19
Morrison,U.S. Senate,,DFL,Walter Mondale,6039
Morrison,U.S. Senate,,GP,,82
Morrison,U.S. Senate,,IND,Jim Moore,441
Morrison,U.S. Senate,,R,Norm Coleman,7839
Morrison,U.S. Senate,,WI,WRITE-IN,2
Mower,Attorney General,,DFL,Mike Hatch,9750
Mower,Attorney General,,IND,,798
Mower,Attorney General,,R,Tom Kelly,5218
Mower,Attorney General,,WI,WRITE-IN,30
Mower,Governor,,CP,,12
Mower,Governor,,DFL,Roger Moe,4361
Mower,Governor,,GP,,177
Mower,Governor,,I,,52
Mower,Governor,,IND,Tim Penny,6875
Mower,Governor,,R,Tim Pawlenty,4656
Mower,Governor,,SWP,,21
Mower,Governor,,WI,WRITE-IN,8
Mower,Secretary of State,,DFL,"Hubert H. ""Buck"" Humphrey",9046
Mower,Secretary of State,,GP,,216
Mower,Secretary of State,,IND,,926
Mower,Secretary of State,,R,Mary Kiffmeyer,5557
Mower,Secretary of State,,WI,WRITE-IN,7
Mower,State Auditor,,DFL,Carol Johnson,8433
Mower,State Auditor,,GP,,419
Mower,State Auditor,,IND,,1346
Mower,State Auditor,,R,Patricia Anderson Awada,5445
Mower,State Auditor,,WI,WRITE-IN,12
Mower,U.S. Senate,,CP,,24
Mower,U.S. Senate,,DFL,Walter Mondale,9497
Mower,U.S. Senate,,GP,,69
Mower,U.S. Senate,,IND,Jim Moore,410
Mower,U.S. Senate,,R,Norm Coleman,6122
Mower,U.S. Senate,,WI,WRITE-IN,84
Murray,Attorney General,,DFL,Mike Hatch,2539
Murray,Attorney General,,IND,,206
Murray,Attorney General,,R,Tom Kelly,1849
Murray,Attorney General,,WI,WRITE-IN,0
Murray,Governor,,CP,,11
Murray,Governor,,DFL,Roger Moe,1730
Murray,Governor,,GP,,66
Murray,Governor,,I,,36
Murray,Governor,,IND,Tim Penny,734
Murray,Governor,,R,Tim Pawlenty,2042
Murray,Governor,,SWP,,15
Murray,Governor,,WI,WRITE-IN,2
Murray,Secretary of State,,DFL,"Hubert H. ""Buck"" Humphrey",2260
Murray,Secretary of State,,GP,,58
Murray,Secretary of State,,IND,,230
Murray,Secretary of State,,R,Mary Kiffmeyer,2060
Murray,Secretary of State,,WI,WRITE-IN,0
Murray,State Auditor,,DFL,Carol Johnson,2349
Murray,State Auditor,,GP,,102
Murray,State Auditor,,IND,,284
Murray,State Auditor,,R,Patricia Anderson Awada,1830
Murray,State Auditor,,WI,WRITE-IN,1
Murray,U.S. Senate,,CP,,5
Murray,U.S. Senate,,DFL,Walter Mondale,2351
Murray,U.S. Senate,,GP,,13
Murray,U.S. Senate,,IND,Jim Moore,133
Murray,U.S. Senate,,R,Norm Coleman,2164
Murray,U.S. Senate,,WI,WRITE-IN,2
Nicollet,Attorney General,,DFL,Mike Hatch,7736
Nicollet,Attorney General,,IND,,592
Nicollet,Attorney General,,R,Tom Kelly,5765
Nicollet,Attorney General,,WI,WRITE-IN,10
Nicollet,Governor,,CP,,6
Nicollet,Governor,,DFL,Roger Moe,4207
Nicollet,Governor,,GP,,267
Nicollet,Governor,,I,,38
Nicollet,Governor,,IND,Tim Penny,4142
Nicollet,Governor,,R,Tim Pawlenty,5783
Nicollet,Governor,,SWP,,15
Nicollet,Governor,,WI,WRITE-IN,2
Nicollet,Secretary of State,,DFL,"Hubert H. ""Buck"" Humphrey",6517
Nicollet,Secretary of State,,GP,,430
Nicollet,Secretary of State,,IND,,711
Nicollet,Secretary of State,,R,Mary Kiffmeyer,6433
Nicollet,Secretary of State,,WI,WRITE-IN,9
Nicollet,State Auditor,,DFL,Carol Johnson,6171
Nicollet,State Auditor,,GP,,488
Nicollet,State Auditor,,IND,,1098
Nicollet,State Auditor,,R,Patricia Anderson Awada,6084
Nicollet,State Auditor,,WI,WRITE-IN,9
Nicollet,U.S. Senate,,CP,,14
Nicollet,U.S. Senate,,DFL,Walter Mondale,6811
Nicollet,U.S. Senate,,GP,,83
Nicollet,U.S. Senate,,IND,Jim Moore,351
Nicollet,U.S. Senate,,R,Norm Coleman,7012
Nicollet,U.S. Senate,,WI,WRITE-IN,16
Nobles,Attorney General,,DFL,Mike Hatch,4401
Nobles,Attorney General,,IND,,311
Nobles,Attorney General,,R,Tom Kelly,3529
Nobles,Attorney General,,WI,WRITE-IN,10
Nobles,Governor,,CP,,16
Nobles,Governor,,DFL,Roger Moe,3132
Nobles,Governor,,GP,,107
Nobles,Governor,,I,,44
Nobles,Governor,,IND,Tim Penny,1264
Nobles,Governor,,R,Tim Pawlenty,3735
Nobles,Governor,,SWP,,35
Nobles,Governor,,WI,WRITE-IN,8
Nobles,Secretary of State,,DFL,"Hubert H. ""Buck"" Humphrey",4246
Nobles,Secretary of State,,GP,,98
Nobles,Secretary of State,,IND,,357
Nobles,Secretary of State,,R,Mary Kiffmeyer,3478
Nobles,Secretary of State,,WI,WRITE-IN,6
Nobles,State Auditor,,DFL,Carol Johnson,4006
Nobles,State Auditor,,GP,,193
Nobles,State Auditor,,IND,,548
Nobles,State Auditor,,R,Patricia Anderson Awada,3428
Nobles,State Auditor,,WI,WRITE-IN,7
Nobles,U.S. Senate,,CP,,5
Nobles,U.S. Senate,,DFL,Walter Mondale,3979
Nobles,U.S. Senate,,GP,,23
Nobles,U.S. Senate,,IND,Jim Moore,218
Nobles,U.S. Senate,,R,Norm Coleman,4170
Nobles,U.S. Senate,,WI,WRITE-IN,0
Norman,Attorney General,,DFL,Mike Hatch,1941
Norman,Attorney General,,IND,,147
Norman,Attorney General,,R,Tom Kelly,1129
Norman,Attorney General,,WI,WRITE-IN,0
Norman,Governor,,CP,,5
Norman,Governor,,DFL,Roger Moe,1921
Norman,Governor,,GP,,22
Norman,Governor,,I,,5
Norman,Governor,,IND,Tim Penny,279
Norman,Governor,,R,Tim Pawlenty,1093
Norman,Governor,,SWP,,5
Norman,Governor,,WI,WRITE-IN,2
Norman,Secretary of State,,DFL,"Hubert H. ""Buck"" Humphrey",1864
Norman,Secretary of State,,GP,,34
Norman,Secretary of State,,IND,,139
Norman,Secretary of State,,R,Mary Kiffmeyer,1224
Norman,Secretary of State,,WI,WRITE-IN,0
Norman,State Auditor,,DFL,Carol Johnson,1753
Norman,State Auditor,,GP,,65
Norman,State Auditor,,IND,,233
Norman,State Auditor,,R,Patricia Anderson Awada,1125
Norman,State Auditor,,WI,WRITE-IN,3
Norman,U.S. Senate,,CP,,2
Norman,U.S. Senate,,DFL,Walter Mondale,1941
Norman,U.S. Senate,,GP,,8
Norman,U.S. Senate,,IND,Jim Moore,80
Norman,U.S. Senate,,R,Norm Coleman,1286
Norman,U.S. Senate,,WI,WRITE-IN,0
Olmsted,Attorney General,,DFL,Mike Hatch,23017
Olmsted,Attorney General,,IND,,3280
Olmsted,Attorney General,,R,Tom Kelly,24159
Olmsted,Attorney General,,WI,WRITE-IN,57
Olmsted,Governor,,CP,,36
Olmsted,Governor,,DFL,Roger Moe,10458
Olmsted,Governor,,GP,,588
Olmsted,Governor,,I,,95
Olmsted,Governor,,IND,Tim Penny,20904
Olmsted,Governor,,R,Tim Pawlenty,20889
Olmsted,Governor,,SWP,,42
Olmsted,Governor,,WI,WRITE-IN,26
Olmsted,Secretary of State,,DFL,"Hubert H. ""Buck"" Humphrey",19698
Olmsted,Secretary of State,,GP,,1040
Olmsted,Secretary of State,,IND,,3455
Olmsted,Secretary of State,,R,Mary Kiffmeyer,26593
Olmsted,Secretary of State,,WI,WRITE-IN,124
Olmsted,State Auditor,,DFL,Carol Johnson,17996
Olmsted,State Auditor,,GP,,1581
Olmsted,State Auditor,,IND,,5514
Olmsted,State Auditor,,R,Patricia Anderson Awada,24225
Olmsted,State Auditor,,WI,WRITE-IN,70
Olmsted,U.S. Senate,,CP,,37
Olmsted,U.S. Senate,,DFL,Walter Mondale,23168
Olmsted,U.S. Senate,,GP,,196
Olmsted,U.S. Senate,,IND,Jim Moore,1388
Olmsted,U.S. Senate,,R,Norm Coleman,27826
Olmsted,U.S. Senate,,WI,WRITE-IN,3
Otter Tail,Attorney General,,DFL,Mike Hatch,12172
Otter Tail,Attorney General,,IND,,1003
Otter Tail,Attorney General,,R,Tom Kelly,12341
Otter Tail,Attorney General,,WI,WRITE-IN,22
Otter Tail,Governor,,CP,,22
Otter Tail,Governor,,DFL,Roger Moe,9101
Otter Tail,Governor,,GP,,324
Otter Tail,Governor,,I,,107
Otter Tail,Governor,,IND,Tim Penny,2760
Otter Tail,Governor,,R,Tim Pawlenty,13676
Otter Tail,Governor,,SWP,,37
Otter Tail,Governor,,WI,WRITE-IN,25
Otter Tail,Secretary of State,,DFL,"Hubert H. ""Buck"" Humphrey",10110
Otter Tail,Secretary of State,,GP,,345
Otter Tail,Secretary of State,,IND,,1032
Otter Tail,Secretary of State,,R,Mary Kiffmeyer,13956
Otter Tail,Secretary of State,,WI,WRITE-IN,14
Otter Tail,State Auditor,,DFL,Carol Johnson,9650
Otter Tail,State Auditor,,GP,,514
Otter Tail,State Auditor,,IND,,1617
Otter Tail,State Auditor,,R,Patricia Anderson Awada,13073
Otter Tail,State Auditor,,WI,WRITE-IN,12
Otter Tail,U.S. Senate,,CP,,27
Otter Tail,U.S. Senate,,DFL,Walter Mondale,10690
Otter Tail,U.S. Senate,,GP,,101
Otter Tail,U.S. Senate,,IND,Jim Moore,582
Otter Tail,U.S. Senate,,R,Norm Coleman,14766
Otter Tail,U.S. Senate,,WI,WRITE-IN,13
Pennington,Attorney General,,DFL,Mike Hatch,2997
Pennington,Attorney General,,IND,,279
Pennington,Attorney General,,R,Tom Kelly,2095
Pennington,Attorney General,,WI,WRITE-IN,0
Pennington,Governor,,CP,,9
Pennington,Governor,,DFL,Roger Moe,2739
Pennington,Governor,,GP,,52
Pennington,Governor,,I,,30
Pennington,Governor,,IND,Tim Penny,507
Pennington,Governor,,R,Tim Pawlenty,2130
Pennington,Governor,,SWP,,8
Pennington,Governor,,WI,WRITE-IN,2
Pennington,Secretary of State,,DFL,"Hubert H. ""Buck"" Humphrey",2753
Pennington,Secretary of State,,GP,,86
Pennington,Secretary of State,,IND,,260
Pennington,Secretary of State,,R,Mary Kiffmeyer,2354
Pennington,Secretary of State,,WI,WRITE-IN,0
Pennington,State Auditor,,DFL,Carol Johnson,2811
Pennington,State Auditor,,GP,,116
Pennington,State Auditor,,IND,,400
Pennington,State Auditor,,R,Patricia Anderson Awada,2011
Pennington,State Auditor,,WI,WRITE-IN,1
Pennington,U.S. Senate,,CP,,9
Pennington,U.S. Senate,,DFL,Walter Mondale,2869
Pennington,U.S. Senate,,GP,,15
Pennington,U.S. Senate,,IND,Jim Moore,139
Pennington,U.S. Senate,,R,Norm Coleman,2500
Pennington,U.S. Senate,,WI,WRITE-IN,0
Pine,Attorney General,,DFL,Mike Hatch,6422
Pine,Attorney General,,IND,,568
Pine,Attorney General,,R,Tom Kelly,4140
Pine,Attorney General,,WI,WRITE-IN,9
Pine,Governor,,CP,,28
Pine,Governor,,DFL,Roger Moe,4501
Pine,Governor,,GP,,217
Pine,Governor,,I,,66
Pine,Governor,,IND,Tim Penny,1534
Pine,Governor,,R,Tim Pawlenty,4939
Pine,Governor,,SWP,,22
Pine,Governor,,WI,WRITE-IN,12
Pine,Secretary of State,,DFL,"Hubert H. ""Buck"" Humphrey",5490
Pine,Secretary of State,,GP,,199
Pine,Secretary of State,,IND,,634
Pine,Secretary of State,,R,Mary Kiffmeyer,4807
Pine,Secretary of State,,WI,WRITE-IN,16
Pine,State Auditor,,DFL,Carol Johnson,5412
Pine,State Auditor,,GP,,263
Pine,State Auditor,,IND,,973
Pine,State Auditor,,R,Patricia Anderson Awada,4308
Pine,State Auditor,,WI,WRITE-IN,14
Pine,U.S. Senate,,CP,,21
Pine,U.S. Senate,,DFL,Walter Mondale,5640
Pine,U.S. Senate,,GP,,44
Pine,U.S. Senate,,IND,Jim Moore,334
Pine,U.S. Senate,,R,Norm Coleman,5278
Pine,U.S. Senate,,WI,WRITE-IN,7
Pipestone,Attorney General,,DFL,Mike Hatch,1959
Pipestone,Attorney General,,IND,,179
Pipestone,Attorney General,,R,Tom Kelly,2251
Pipestone,Attorney General,,WI,WRITE-IN,5
Pipestone,Governor,,CP,,9
Pipestone,Governor,,DFL,Roger Moe,1460
Pipestone,Governor,,GP,,73
Pipestone,Governor,,I,,26
Pipestone,Governor,,IND,Tim Penny,711
Pipestone,Governor,,R,Tim Pawlenty,2158
Pipestone,Governor,,SWP,,16
Pipestone,Governor,,WI,WRITE-IN,2
Pipestone,Secretary of State,,DFL,"Hubert H. ""Buck"" Humphrey",1865
Pipestone,Secretary of State,,GP,,56
Pipestone,Secretary of State,,IND,,177
Pipestone,Secretary of State,,R,Mary Kiffmeyer,2206
Pipestone,Secretary of State,,WI,WRITE-IN,1
Pipestone,State Auditor,,DFL,Carol Johnson,1870
Pipestone,State Auditor,,GP,,76
Pipestone,State Auditor,,IND,,239
Pipestone,State Auditor,,R,Patricia Anderson Awada,2158
Pipestone,State Auditor,,WI,WRITE-IN,0
Pipestone,U.S. Senate,,CP,,6
Pipestone,U.S. Senate,,DFL,Walter Mondale,2004
Pipestone,U.S. Senate,,GP,,17
Pipestone,U.S. Senate,,IND,Jim Moore,150
Pipestone,U.S. Senate,,R,Norm Coleman,2309
Pipestone,U.S. Senate,,WI,WRITE-IN,0
Polk,Attorney General,,DFL,Mike Hatch,6860
Polk,Attorney General,,IND,,466
Polk,Attorney General,,R,Tom Kelly,4944
Polk,Attorney General,,WI,WRITE-IN,56
Polk,Governor,,CP,,12
Polk,Governor,,DFL,Roger Moe,7153
Polk,Governor,,GP,,87
Polk,Governor,,I,,43
Polk,Governor,,IND,Tim Penny,840
Polk,Governor,,R,Tim Pawlenty,4521
Polk,Governor,,SWP,,12
Polk,Governor,,WI,WRITE-IN,5
Polk,Secretary of State,,DFL,"Hubert H. ""Buck"" Humphrey",6720
Polk,Secretary of State,,GP,,136
Polk,Secretary of State,,IND,,486
Polk,Secretary of State,,R,Mary Kiffmeyer,5101
Polk,Secretary of State,,WI,WRITE-IN,3
Polk,State Auditor,,DFL,Carol Johnson,6357
Polk,State Auditor,,GP,,245
Polk,State Auditor,,IND,,766
Polk,State Auditor,,R,Patricia Anderson Awada,4947
Polk,State Auditor,,WI,WRITE-IN,7
Polk,U.S. Senate,,CP,,26
Polk,U.S. Senate,,DFL,Walter Mondale,6407
Polk,U.S. Senate,,GP,,28
Polk,U.S. Senate,,IND,Jim Moore,243
Polk,U.S. Senate,,R,Norm Coleman,5854
Polk,U.S. Senate,,WI,WRITE-IN,3
Pope,Attorney General,,DFL,Mike Hatch,3218
Pope,Attorney General,,IND,,218
Pope,Attorney General,,R,Tom Kelly,2090
Pope,Attorney General,,WI,WRITE-IN,8
Pope,Governor,,CP,,6
Pope,Governor,,DFL,Roger Moe,2215
Pope,Governor,,GP,,101
Pope,Governor,,I,,25
Pope,Governor,,IND,Tim Penny,828
Pope,Governor,,R,Tim Pawlenty,2436
Pope,Governor,,SWP,,9
Pope,Governor,,WI,WRITE-IN,10
Pope,Secretary of State,,DFL,"Hubert H. ""Buck"" Humphrey",2597
Pope,Secretary of State,,GP,,74
Pope,Secretary of State,,IND,,237
Pope,Secretary of State,,R,Mary Kiffmeyer,2634
Pope,Secretary of State,,WI,WRITE-IN,3
Pope,State Auditor,,DFL,Carol Johnson,2687
Pope,State Auditor,,GP,,140
Pope,State Auditor,,IND,,420
Pope,State Auditor,,R,Patricia Anderson Awada,2183
Pope,State Auditor,,WI,WRITE-IN,2
Pope,U.S. Senate,,CP,,6
Pope,U.S. Senate,,DFL,Walter Mondale,2870
Pope,U.S. Senate,,GP,,23
Pope,U.S. Senate,,IND,Jim Moore,141
Pope,U.S. Senate,,R,Norm Coleman,2599
Pope,U.S. Senate,,WI,WRITE-IN,11
Ramsey,Attorney General,,DFL,Mike Hatch,131780
Ramsey,Attorney General,,IND,,9422
Ramsey,Attorney General,,R,Tom Kelly,75570
Ramsey,Attorney General,,WI,WRITE-IN,247
Ramsey,Governor,,CP,,298
Ramsey,Governor,,DFL,Roger Moe,101924
Ramsey,Governor,,GP,,7368
Ramsey,Governor,,I,,1303
Ramsey,Governor,,IND,Tim Penny,27507
Ramsey,Governor,,R,Tim Pawlenty,86200
Ramsey,Governor,,SWP,,392
Ramsey,Governor,,WI,WRITE-IN,143
Ramsey,Secretary of State,,DFL,"Hubert H. ""Buck"" Humphrey",108404
Ramsey,Secretary of State,,GP,,10564
Ramsey,Secretary of State,,IND,,10152
Ramsey,Secretary of State,,R,Mary Kiffmeyer,88649
Ramsey,Secretary of State,,WI,WRITE-IN,130
Ramsey,State Auditor,,DFL,Carol Johnson,103728
Ramsey,State Auditor,,GP,,11314
Ramsey,State Auditor,,IND,,13874
Ramsey,State Auditor,,R,Patricia Anderson Awada,82683
Ramsey,State Auditor,,WI,WRITE-IN,235
Ramsey,U.S. Senate,,CP,,209
Ramsey,U.S. Senate,,DFL,Walter Mondale,124752
Ramsey,U.S. Senate,,GP,,1074
Ramsey,U.S. Senate,,IND,Jim Moore,3105
Ramsey,U.S. Senate,,R,Norm Coleman,94582
Ramsey,U.S. Senate,,WI,WRITE-IN,170
Red Lake,Attorney General,,DFL,Mike Hatch,1163
Red Lake,Attorney General,,IND,,84
Red Lake,Attorney General,,R,Tom Kelly,605
Red Lake,Attorney General,,WI,WRITE-IN,0
Red Lake,Governor,,CP,,6
Red Lake,Governor,,DFL,Roger Moe,990
Red Lake,Governor,,GP,,17
Red Lake,Governor,,I,,10
Red Lake,Governor,,IND,Tim Penny,172
Red Lake,Governor,,R,Tim Pawlenty,717
Red Lake,Governor,,SWP,,1
Red Lake,Governor,,WI,WRITE-IN,1
Red Lake,Secretary of State,,DFL,"Hubert H. ""Buck"" Humphrey",1069
Red Lake,Secretary of State,,GP,,15
Red Lake,Secretary of State,,IND,,84
Red Lake,Secretary of State,,R,Mary Kiffmeyer,716
Red Lake,Secretary of State,,WI,WRITE-IN,0
Red Lake,State Auditor,,DFL,Carol Johnson,1077
Red Lake,State Auditor,,GP,,24
Red Lake,State Auditor,,IND,,126
Red Lake,State Auditor,,R,Patricia Anderson Awada,617
Red Lake,State Auditor,,WI,WRITE-IN,1
Red Lake,U.S. Senate,,CP,,3
Red Lake,U.S. Senate,,DFL,Walter Mondale,991
Red Lake,U.S. Senate,,GP,,8
Red Lake,U.S. Senate,,IND,Jim Moore,57
Red Lake,U.S. Senate,,R,Norm Coleman,839
Red Lake,U.S. Senate,,WI,WRITE-IN,1
Redwood,Attorney General,,DFL,Mike Hatch,3240
Redwood,Attorney General,,IND,,322
Redwood,Attorney General,,R,Tom Kelly,3278
Redwood,Attorney General,,WI,WRITE-IN,5
Redwood,Governor,,CP,,24
Redwood,Governor,,DFL,Roger Moe,1891
Redwood,Governor,,GP,,77
Redwood,Governor,,I,,32
Redwood,Governor,,IND,Tim Penny,1275
Redwood,Governor,,R,Tim Pawlenty,3671
Redwood,Governor,,SWP,,12
Redwood,Governor,,WI,WRITE-IN,3
Redwood,Secretary of State,,DFL,"Hubert H. ""Buck"" Humphrey",2448
Redwood,Secretary of State,,GP,,98
Redwood,Secretary of State,,IND,,364
Redwood,Secretary of State,,R,Mary Kiffmeyer,3965
Redwood,Secretary of State,,WI,WRITE-IN,2
Redwood,State Auditor,,DFL,Carol Johnson,2515
Redwood,State Auditor,,GP,,140
Redwood,State Auditor,,IND,,624
Redwood,State Auditor,,R,Patricia Anderson Awada,3424
Redwood,State Auditor,,WI,WRITE-IN,8
Redwood,U.S. Senate,,CP,,12
Redwood,U.S. Senate,,DFL,Walter Mondale,2798
Redwood,U.S. Senate,,GP,,24
Redwood,U.S. Senate,,IND,Jim Moore,238
Redwood,U.S. Senate,,R,Norm Coleman,3948
Redwood,U.S. Senate,,WI,WRITE-IN,10
Renville,Attorney General,,DFL,Mike Hatch,4287
Renville,Attorney General,,IND,,328
Renville,Attorney General,,R,Tom Kelly,2665
Renville,Attorney General,,WI,WRITE-IN,0
Renville,Governor,,CP,,10
Renville,Governor,,DFL,Roger Moe,2589
Renville,Governor,,GP,,96
Renville,Governor,,I,,31
Renville,Governor,,IND,Tim Penny,1341
Renville,Governor,,R,Tim Pawlenty,3252
Renville,Governor,,SWP,,11
Renville,Governor,,WI,WRITE-IN,5
Renville,Secretary of State,,DFL,"Hubert H. ""Buck"" Humphrey",3320
Renville,Secretary of State,,GP,,117
Renville,Secretary of State,,IND,,438
Renville,Secretary of State,,R,Mary Kiffmeyer,3392
Renville,Secretary of State,,WI,WRITE-IN,2
Renville,State Auditor,,DFL,Carol Johnson,3370
Renville,State Auditor,,GP,,213
Renville,State Auditor,,IND,,648
Renville,State Auditor,,R,Patricia Anderson Awada,2927
Renville,State Auditor,,WI,WRITE-IN,3
Renville,U.S. Senate,,CP,,5
Renville,U.S. Senate,,DFL,Walter Mondale,3532
Renville,U.S. Senate,,GP,,33
Renville,U.S. Senate,,IND,Jim Moore,253
Renville,U.S. Senate,,R,Norm Coleman,3533
Renville,U.S. Senate,,WI,WRITE-IN,5
Rice,Attorney General,,DFL,Mike Hatch,14333
Rice,Attorney General,,IND,,1027
Rice,Attorney General,,R,Tom Kelly,8498
Rice,Attorney General,,WI,WRITE-IN,41
Rice,Governor,,CP,,19
Rice,Governor,,DFL,Roger Moe,8380
Rice,Governor,,GP,,911
Rice,Governor,,I,,77
Rice,Governor,,IND,Tim Penny,6038
Rice,Governor,,R,Tim Pawlenty,9334
Rice,Governor,,SWP,,37
Rice,Governor,,WI,WRITE-IN,13
Rice,Secretary of State,,DFL,"Hubert H. ""Buck"" Humphrey",11717
Rice,Secretary of State,,GP,,1007
Rice,Secretary of State,,IND,,1140
Rice,Secretary of State,,R,Mary Kiffmeyer,9978
Rice,Secretary of State,,WI,WRITE-IN,17
Rice,State Auditor,,DFL,Carol Johnson,10916
Rice,State Auditor,,GP,,1341
Rice,State Auditor,,IND,,1822
Rice,State Auditor,,R,Patricia Anderson Awada,9071
Rice,State Auditor,,WI,WRITE-IN,26
Rice,U.S. Senate,,CP,,23
Rice,U.S. Senate,,DFL,Walter Mondale,12892
Rice,U.S. Senate,,GP,,144
Rice,U.S. Senate,,IND,Jim Moore,482
Rice,U.S. Senate,,R,Norm Coleman,11012
Rice,U.S. Senate,,WI,WRITE-IN,37
Rock,Attorney General,,DFL,Mike Hatch,2028
Rock,Attorney General,,IND,,175
Rock,Attorney General,,R,Tom Kelly,2217
Rock,Attorney General,,WI,WRITE-IN,4
Rock,Governor,,CP,,16
Rock,Governor,,DFL,Roger Moe,1727
Rock,Governor,,GP,,34
Rock,Governor,,I,,38
Rock,Governor,,IND,Tim Penny,452
Rock,Governor,,R,Tim Pawlenty,2195
Rock,Governor,,SWP,,12
Rock,Governor,,WI,WRITE-IN,4
Rock,Secretary of State,,DFL,"Hubert H. ""Buck"" Humphrey",2032
Rock,Secretary of State,,GP,,39
Rock,Secretary of State,,IND,,193
Rock,Secretary of State,,R,Mary Kiffmeyer,2173
Rock,Secretary of State,,WI,WRITE-IN,0
Rock,State Auditor,,DFL,Carol Johnson,1898
Rock,State Auditor,,GP,,89
Rock,State Auditor,,IND,,274
Rock,State Auditor,,R,Patricia Anderson Awada,2116
Rock,State Auditor,,WI,WRITE-IN,7
Rock,U.S. Senate,,CP,,10
Rock,U.S. Senate,,DFL,Walter Mondale,2019
Rock,U.S. Senate,,GP,,7
Rock,U.S. Senate,,IND,Jim Moore,126
Rock,U.S. Senate,,R,Norm Coleman,2373
Rock,U.S. Senate,,WI,WRITE-IN,3
Roseau,Attorney General,,DFL,Mike Hatch,2896
Roseau,Attorney General,,IND,,236
Roseau,Attorney General,,R,Tom Kelly,3059
Roseau,Attorney General,,WI,WRITE-IN,2
Roseau,Governor,,CP,,10
Roseau,Governor,,DFL,Roger Moe,2701
Roseau,Governor,,GP,,69
Roseau,Governor,,I,,49
Roseau,Governor,,IND,Tim Penny,352
Roseau,Governor,,R,Tim Pawlenty,3158
Roseau,Governor,,SWP,,12
Roseau,Governor,,WI,WRITE-IN,2
Roseau,Secretary of State,,DFL,"Hubert H. ""Buck"" Humphrey",2562
Roseau,Secretary of State,,GP,,55
Roseau,Secretary of State,,IND,,214
Roseau,Secretary of State,,R,Mary Kiffmeyer,3467
Roseau,Secretary of State,,WI,WRITE-IN,0
Roseau,State Auditor,,DFL,Carol Johnson,2622
Roseau,State Auditor,,GP,,82
Roseau,State Auditor,,IND,,359
Roseau,State Auditor,,R,Patricia Anderson Awada,3123
Roseau,State Auditor,,WI,WRITE-IN,0
Roseau,U.S. Senate,,CP,,7
Roseau,U.S. Senate,,DFL,Walter Mondale,2630
Roseau,U.S. Senate,,GP,,21
Roseau,U.S. Senate,,IND,Jim Moore,150
Roseau,U.S. Senate,,R,Norm Coleman,3589
Roseau,U.S. Senate,,WI,WRITE-IN,6
Scott,Attorney General,,DFL,Mike Hatch,19790
Scott,Attorney General,,IND,,1740
Scott,Attorney General,,R,Tom Kelly,21916
Scott,Attorney General,,WI,WRITE-IN,14
Scott,Governor,,CP,,38
Scott,Governor,,DFL,Roger Moe,10898
Scott,Governor,,GP,,637
Scott,Governor,,I,,154
Scott,Governor,,IND,Tim Penny,6884
Scott,Governor,,R,Tim Pawlenty,26074
Scott,Governor,,SWP,,50
Scott,Governor,,WI,WRITE-IN,18
Scott,Secretary of State,,DFL,"Hubert H. ""Buck"" Humphrey",15213
Scott,Secretary of State,,GP,,835
Scott,Secretary of State,,IND,,2023
Scott,Secretary of State,,R,Mary Kiffmeyer,25189
Scott,Secretary of State,,WI,WRITE-IN,15
Scott,State Auditor,,DFL,Carol Johnson,14267
Scott,State Auditor,,GP,,1081
Scott,State Auditor,,IND,,3100
Scott,State Auditor,,R,Patricia Anderson Awada,23919
Scott,State Auditor,,WI,WRITE-IN,16
Scott,U.S. Senate,,CP,,28
Scott,U.S. Senate,,DFL,Walter Mondale,15308
Scott,U.S. Senate,,GP,,163
Scott,U.S. Senate,,IND,Jim Moore,820
Scott,U.S. Senate,,R,Norm Coleman,28102
Scott,U.S. Senate,,WI,WRITE-IN,2
Sherburne,Attorney General,,DFL,Mike Hatch,13313
Sherburne,Attorney General,,IND,,1189
Sherburne,Attorney General,,R,Tom Kelly,14232
Sherburne,Attorney General,,WI,WRITE-IN,15
Sherburne,Governor,,CP,,21
Sherburne,Governor,,DFL,Roger Moe,7975
Sherburne,Governor,,GP,,464
Sherburne,Governor,,I,,127
Sherburne,Governor,,IND,Tim Penny,3758
Sherburne,Governor,,R,Tim Pawlenty,17293
Sherburne,Governor,,SWP,,40
Sherburne,Governor,,WI,WRITE-IN,27
Sherburne,Secretary of State,,DFL,"Hubert H. ""Buck"" Humphrey",9306
Sherburne,Secretary of State,,GP,,397
Sherburne,Secretary of State,,IND,,1145
Sherburne,Secretary of State,,R,Mary Kiffmeyer,18262
Sherburne,Secretary of State,,WI,WRITE-IN,11
Sherburne,State Auditor,,DFL,Carol Johnson,9992
Sherburne,State Auditor,,GP,,647
Sherburne,State Auditor,,IND,,2116
Sherburne,State Auditor,,R,Patricia Anderson Awada,15386
Sherburne,State Auditor,,WI,WRITE-IN,20
Sherburne,U.S. Senate,,CP,,15
Sherburne,U.S. Senate,,DFL,Walter Mondale,10330
Sherburne,U.S. Senate,,GP,,123
Sherburne,U.S. Senate,,IND,Jim Moore,657
Sherburne,U.S. Senate,,R,Norm Coleman,18478
Sherburne,U.S. Senate,,WI,WRITE-IN,28
Sibley,Attorney General,,DFL,Mike Hatch,3489
Sibley,Attorney General,,IND,,366
Sibley,Attorney General,,R,Tom Kelly,3016
Sibley,Attorney General,,WI,WRITE-IN,0
Sibley,Governor,,CP,,7
Sibley,Governor,,DFL,Roger Moe,1684
Sibley,Governor,,GP,,91
Sibley,Governor,,I,,26
Sibley,Governor,,IND,Tim Penny,1656
Sibley,Governor,,R,Tim Pawlenty,3592
Sibley,Governor,,SWP,,10
Sibley,Governor,,WI,WRITE-IN,1
Sibley,Secretary of State,,DFL,"Hubert H. ""Buck"" Humphrey",2724
Sibley,Secretary of State,,GP,,117
Sibley,Secretary of State,,IND,,451
Sibley,Secretary of State,,R,Mary Kiffmeyer,3602
Sibley,Secretary of State,,WI,WRITE-IN,0
Sibley,State Auditor,,DFL,Carol Johnson,2697
Sibley,State Auditor,,GP,,150
Sibley,State Auditor,,IND,,695
Sibley,State Auditor,,R,Patricia Anderson Awada,3166
Sibley,State Auditor,,WI,WRITE-IN,2
Sibley,U.S. Senate,,CP,,3
Sibley,U.S. Senate,,DFL,Walter Mondale,2819
Sibley,U.S. Senate,,GP,,37
Sibley,U.S. Senate,,IND,Jim Moore,310
Sibley,U.S. Senate,,R,Norm Coleman,3900
Sibley,U.S. Senate,,WI,WRITE-IN,5
St. Louis,Attorney General,,DFL,Mike Hatch,67069
St. Louis,Attorney General,,IND,,3480
St. Louis,Attorney General,,R,Tom Kelly,21329
St. Louis,Attorney General,,WI,WRITE-IN,303
St. Louis,Governor,,CP,,97
St. Louis,Governor,,DFL,Roger Moe,56568
St. Louis,Governor,,GP,,2301
St. Louis,Governor,,I,,255
St. Louis,Governor,,IND,Tim Penny,10019
St. Louis,Governor,,R,Tim Pawlenty,25059
St. Louis,Governor,,SWP,,139
St. Louis,Governor,,WI,WRITE-IN,62
St. Louis,Secretary of State,,DFL,"Hubert H. ""Buck"" Humphrey",58034
St. Louis,Secretary of State,,GP,,3106
St. Louis,Secretary of State,,IND,,4013
St. Louis,Secretary of State,,R,Mary Kiffmeyer,26767
St. Louis,Secretary of State,,WI,WRITE-IN,64
St. Louis,State Auditor,,DFL,Carol Johnson,53938
St. Louis,State Auditor,,GP,,4072
St. Louis,State Auditor,,IND,,6949
St. Louis,State Auditor,,R,Patricia Anderson Awada,25553
St. Louis,State Auditor,,WI,WRITE-IN,114
St. Louis,U.S. Senate,,CP,,124
St. Louis,U.S. Senate,,DFL,Walter Mondale,62090
St. Louis,U.S. Senate,,GP,,423
St. Louis,U.S. Senate,,IND,Jim Moore,1702
St. Louis,U.S. Senate,,R,Norm Coleman,29998
St. Louis,U.S. Senate,,WI,WRITE-IN,73
Stearns,Attorney General,,DFL,Mike Hatch,28915
Stearns,Attorney General,,IND,,2589
Stearns,Attorney General,,R,Tom Kelly,23539
Stearns,Attorney General,,WI,WRITE-IN,37
Stearns,Governor,,CP,,71
Stearns,Governor,,DFL,Roger Moe,17362
Stearns,Governor,,GP,,1627
Stearns,Governor,,I,,230
Stearns,Governor,,IND,Tim Penny,8648
Stearns,Governor,,R,Tim Pawlenty,28849
Stearns,Governor,,SWP,,107
Stearns,Governor,,WI,WRITE-IN,39
Stearns,Secretary of State,,DFL,"Hubert H. ""Buck"" Humphrey",21059
Stearns,Secretary of State,,GP,,1373
Stearns,Secretary of State,,IND,,2225
Stearns,Secretary of State,,R,Mary Kiffmeyer,30979
Stearns,Secretary of State,,WI,WRITE-IN,34
Stearns,State Auditor,,DFL,Carol Johnson,21427
Stearns,State Auditor,,GP,,2067
Stearns,State Auditor,,IND,,4484
Stearns,State Auditor,,R,Patricia Anderson Awada,25813
Stearns,State Auditor,,WI,WRITE-IN,47
Stearns,U.S. Senate,,CP,,56
Stearns,U.S. Senate,,DFL,Walter Mondale,23520
Stearns,U.S. Senate,,GP,,330
Stearns,U.S. Senate,,IND,Jim Moore,1467
Stearns,U.S. Senate,,R,Norm Coleman,31945
Stearns,U.S. Senate,,WI,WRITE-IN,179
Steele,Attorney General,,DFL,Mike Hatch,7609
Steele,Attorney General,,IND,,851
Steele,Attorney General,,R,Tom Kelly,6770
Steele,Attorney General,,WI,WRITE-IN,9
Steele,Governor,,CP,,16
Steele,Governor,,DFL,Roger Moe,2615
Steele,Governor,,GP,,169
Steele,Governor,,I,,43
Steele,Governor,,IND,Tim Penny,6354
Steele,Governor,,R,Tim Pawlenty,6425
Steele,Governor,,SWP,,19
Steele,Governor,,WI,WRITE-IN,7
Steele,Secretary of State,,DFL,"Hubert H. ""Buck"" Humphrey",6406
Steele,Secretary of State,,GP,,292
Steele,Secretary of State,,IND,,1023
Steele,Secretary of State,,R,Mary Kiffmeyer,7490
Steele,Secretary of State,,WI,WRITE-IN,9
Steele,State Auditor,,DFL,Carol Johnson,5871
Steele,State Auditor,,GP,,434
Steele,State Auditor,,IND,,1558
Steele,State Auditor,,R,Patricia Anderson Awada,7025
Steele,State Auditor,,WI,WRITE-IN,15
Steele,U.S. Senate,,CP,,13
Steele,U.S. Senate,,DFL,Walter Mondale,6552
Steele,U.S. Senate,,GP,,73
Steele,U.S. Senate,,IND,Jim Moore,448
Steele,U.S. Senate,,R,Norm Coleman,8165
Steele,U.S. Senate,,WI,WRITE-IN,7
Stevens,Attorney General,,DFL,Mike Hatch,2712
Stevens,Attorney General,,IND,,184
Stevens,Attorney General,,R,Tom Kelly,2161
Stevens,Attorney General,,WI,WRITE-IN,17
Stevens,Governor,,CP,,7
Stevens,Governor,,DFL,Roger Moe,1923
Stevens,Governor,,GP,,239
Stevens,Governor,,I,,20
Stevens,Governor,,IND,Tim Penny,703
Stevens,Governor,,R,Tim Pawlenty,2454
Stevens,Governor,,SWP,,12
Stevens,Governor,,WI,WRITE-IN,5
Stevens,Secretary of State,,DFL,"Hubert H. ""Buck"" Humphrey",2277
Stevens,Secretary of State,,GP,,194
Stevens,Secretary of State,,IND,,221
Stevens,Secretary of State,,R,Mary Kiffmeyer,2545
Stevens,Secretary of State,,WI,WRITE-IN,3
Stevens,State Auditor,,DFL,Carol Johnson,2309
Stevens,State Auditor,,GP,,240
Stevens,State Auditor,,IND,,299
Stevens,State Auditor,,R,Patricia Anderson Awada,2276
Stevens,State Auditor,,WI,WRITE-IN,8
Stevens,U.S. Senate,,CP,,10
Stevens,U.S. Senate,,DFL,Walter Mondale,2566
Stevens,U.S. Senate,,GP,,37
Stevens,U.S. Senate,,IND,Jim Moore,92
Stevens,U.S. Senate,,R,Norm Coleman,2625
Stevens,U.S. Senate,,WI,WRITE-IN,2
Swift,Attorney General,,DFL,Mike Hatch,3193
Swift,Attorney General,,IND,,215
Swift,Attorney General,,R,Tom Kelly,1584
Swift,Attorney General,,WI,WRITE-IN,4
Swift,Governor,,CP,,8
Swift,Governor,,DFL,Roger Moe,2403
Swift,Governor,,GP,,65
Swift,Governor,,I,,15
Swift,Governor,,IND,Tim Penny,667
Swift,Governor,,R,Tim Pawlenty,1883
Swift,Governor,,SWP,,5
Swift,Governor,,WI,WRITE-IN,4
Swift,Secretary of State,,DFL,"Hubert H. ""Buck"" Humphrey",2759
Swift,Secretary of State,,GP,,53
Swift,Secretary of State,,IND,,231
Swift,Secretary of State,,R,Mary Kiffmeyer,1960
Swift,Secretary of State,,WI,WRITE-IN,2
Swift,State Auditor,,DFL,Carol Johnson,2812
Swift,State Auditor,,GP,,104
Swift,State Auditor,,IND,,363
Swift,State Auditor,,R,Patricia Anderson Awada,1678
Swift,State Auditor,,WI,WRITE-IN,2
Swift,U.S. Senate,,CP,,3
Swift,U.S. Senate,,DFL,Walter Mondale,2907
Swift,U.S. Senate,,GP,,12
Swift,U.S. Senate,,IND,Jim Moore,143
Swift,U.S. Senate,,R,Norm Coleman,1999
Swift,U.S. Senate,,WI,WRITE-IN,0
Todd,Attorney General,,DFL,Mike Hatch,5444
Todd,Attorney General,,IND,,585
Todd,Attorney General,,R,Tom Kelly,4132
Todd,Attorney General,,WI,WRITE-IN,0
Todd,Governor,,CP,,28
Todd,Governor,,DFL,Roger Moe,3218
Todd,Governor,,GP,,165
Todd,Governor,,I,,60
Todd,Governor,,IND,Tim Penny,1474
Todd,Governor,,R,Tim Pawlenty,5363
Todd,Governor,,SWP,,25
Todd,Governor,,WI,WRITE-IN,0
Todd,Secretary of State,,DFL,"Hubert H. ""Buck"" Humphrey",4351
Todd,Secretary of State,,GP,,183
Todd,Secretary of State,,IND,,586
Todd,Secretary of State,,R,Mary Kiffmeyer,5065
Todd,Secretary of State,,WI,WRITE-IN,0
Todd,State Auditor,,DFL,Carol Johnson,4349
Todd,State Auditor,,GP,,279
Todd,State Auditor,,IND,,932
Todd,State Auditor,,R,Patricia Anderson Awada,4439
Todd,State Auditor,,WI,WRITE-IN,0
Todd,U.S. Senate,,CP,,24
Todd,U.S. Senate,,DFL,Walter Mondale,4460
Todd,U.S. Senate,,GP,,43
Todd,U.S. Senate,,IND,Jim Moore,365
Todd,U.S. Senate,,R,Norm Coleman,5644
Todd,U.S. Senate,,WI,WRITE-IN,5
Traverse,Attorney General,,DFL,Mike Hatch,1092
Traverse,Attorney General,,IND,,67
Traverse,Attorney General,,R,Tom Kelly,714
Traverse,Attorney General,,WI,WRITE-IN,0
Traverse,Governor,,CP,,0
Traverse,Governor,,DFL,Roger Moe,826
Traverse,Governor,,GP,,23
Traverse,Governor,,I,,10
Traverse,Governor,,IND,Tim Penny,253
Traverse,Governor,,R,Tim Pawlenty,788
Traverse,Governor,,SWP,,5
Traverse,Governor,,WI,WRITE-IN,0
Traverse,Secretary of State,,DFL,"Hubert H. ""Buck"" Humphrey",942
Traverse,Secretary of State,,GP,,12
Traverse,Secretary of State,,IND,,56
Traverse,Secretary of State,,R,Mary Kiffmeyer,862
Traverse,Secretary of State,,WI,WRITE-IN,0
Traverse,State Auditor,,DFL,Carol Johnson,975
Traverse,State Auditor,,GP,,22
Traverse,State Auditor,,IND,,121
Traverse,State Auditor,,R,Patricia Anderson Awada,711
Traverse,State Auditor,,WI,WRITE-IN,0
Traverse,U.S. Senate,,CP,,2
Traverse,U.S. Senate,,DFL,Walter Mondale,1016
Traverse,U.S. Senate,,GP,,6
Traverse,U.S. Senate,,IND,Jim Moore,60
Traverse,U.S. Senate,,R,Norm Coleman,853
Traverse,U.S. Senate,,WI,WRITE-IN,1
Wabasha,Attorney General,,DFL,Mike Hatch,4940
Wabasha,Attorney General,,IND,,593
Wabasha,Attorney General,,R,Tom Kelly,4192
Wabasha,Attorney General,,WI,WRITE-IN,7
Wabasha,Governor,,CP,,8
Wabasha,Governor,,DFL,Roger Moe,2133
Wabasha,Governor,,GP,,127
Wabasha,Governor,,I,,24
Wabasha,Governor,,IND,Tim Penny,3735
Wabasha,Governor,,R,Tim Pawlenty,3998
Wabasha,Governor,,SWP,,10
Wabasha,Governor,,WI,WRITE-IN,8
Wabasha,Secretary of State,,DFL,"Hubert H. ""Buck"" Humphrey",4265
Wabasha,Secretary of State,,GP,,223
Wabasha,Secretary of State,,IND,,612
Wabasha,Secretary of State,,R,Mary Kiffmeyer,4672
Wabasha,Secretary of State,,WI,WRITE-IN,3
Wabasha,State Auditor,,DFL,Carol Johnson,3993
Wabasha,State Auditor,,GP,,327
Wabasha,State Auditor,,IND,,1005
Wabasha,State Auditor,,R,Patricia Anderson Awada,4222
Wabasha,State Auditor,,WI,WRITE-IN,15
Wabasha,U.S. Senate,,CP,,7
Wabasha,U.S. Senate,,DFL,Walter Mondale,4549
Wabasha,U.S. Senate,,GP,,45
Wabasha,U.S. Senate,,IND,Jim Moore,301
Wabasha,U.S. Senate,,R,Norm Coleman,4905
Wabasha,U.S. Senate,,WI,WRITE-IN,6
Wadena,Attorney General,,DFL,Mike Hatch,2805
Wadena,Attorney General,,IND,,237
Wadena,Attorney General,,R,Tom Kelly,2785
Wadena,Attorney General,,WI,WRITE-IN,2
Wadena,Governor,,CP,,7
Wadena,Governor,,DFL,Roger Moe,1979
Wadena,Governor,,GP,,100
Wadena,Governor,,I,,39
Wadena,Governor,,IND,Tim Penny,669
Wadena,Governor,,R,Tim Pawlenty,3213
Wadena,Governor,,SWP,,5
Wadena,Governor,,WI,WRITE-IN,3
Wadena,Secretary of State,,DFL,"Hubert H. ""Buck"" Humphrey",2305
Wadena,Secretary of State,,GP,,80
Wadena,Secretary of State,,IND,,288
Wadena,Secretary of State,,R,Mary Kiffmeyer,3210
Wadena,Secretary of State,,WI,WRITE-IN,2
Wadena,State Auditor,,DFL,Carol Johnson,2302
Wadena,State Auditor,,GP,,128
Wadena,State Auditor,,IND,,404
Wadena,State Auditor,,R,Patricia Anderson Awada,2922
Wadena,State Auditor,,WI,WRITE-IN,1
Wadena,U.S. Senate,,CP,,12
Wadena,U.S. Senate,,DFL,Walter Mondale,2462
Wadena,U.S. Senate,,GP,,24
Wadena,U.S. Senate,,IND,Jim Moore,169
Wadena,U.S. Senate,,R,Norm Coleman,3377
Wadena,U.S. Senate,,WI,WRITE-IN,2
Waseca,Attorney General,,DFL,Mike Hatch,4207
Waseca,Attorney General,,IND,,606
Waseca,Attorney General,,R,Tom Kelly,3556
Waseca,Attorney General,,WI,WRITE-IN,4
Waseca,Governor,,CP,,4
Waseca,Governor,,DFL,Roger Moe,887
Waseca,Governor,,GP,,76
Waseca,Governor,,I,,17
Waseca,Governor,,IND,Tim Penny,5022
Waseca,Governor,,R,Tim Pawlenty,2565
Waseca,Governor,,SWP,,9
Waseca,Governor,,WI,WRITE-IN,3
Waseca,Secretary of State,,DFL,"Hubert H. ""Buck"" Humphrey",3446
Waseca,Secretary of State,,GP,,205
Waseca,Secretary of State,,IND,,680
Waseca,Secretary of State,,R,Mary Kiffmeyer,4064
Waseca,Secretary of State,,WI,WRITE-IN,1
Waseca,State Auditor,,DFL,Carol Johnson,3164
Waseca,State Auditor,,GP,,257
Waseca,State Auditor,,IND,,1017
Waseca,State Auditor,,R,Patricia Anderson Awada,3799
Waseca,State Auditor,,WI,WRITE-IN,3
Waseca,U.S. Senate,,CP,,13
Waseca,U.S. Senate,,DFL,Walter Mondale,3687
Waseca,U.S. Senate,,GP,,43
Waseca,U.S. Senate,,IND,Jim Moore,396
Waseca,U.S. Senate,,R,Norm Coleman,4369
Waseca,U.S. Senate,,WI,WRITE-IN,9
Washington,Attorney General,,DFL,Mike Hatch,51414
Washington,Attorney General,,IND,,3796
Washington,Attorney General,,R,Tom Kelly,46380
Washington,Attorney General,,WI,WRITE-IN,63
Washington,Governor,,CP,,96
Washington,Governor,,DFL,Roger Moe,33968
Washington,Governor,,GP,,1804
Washington,Governor,,I,,389
Washington,Governor,,IND,Tim Penny,12808
Washington,Governor,,R,Tim Pawlenty,54792
Washington,Governor,,SWP,,89
Washington,Governor,,WI,WRITE-IN,57
Washington,Secretary of State,,DFL,"Hubert H. ""Buck"" Humphrey",40991
Washington,Secretary of State,,GP,,2222
Washington,Secretary of State,,IND,,4332
Washington,Secretary of State,,R,Mary Kiffmeyer,52950
Washington,Secretary of State,,WI,WRITE-IN,53
Washington,State Auditor,,DFL,Carol Johnson,37841
Washington,State Auditor,,GP,,2829
Washington,State Auditor,,IND,,6338
Washington,State Auditor,,R,Patricia Anderson Awada,52076
Washington,State Auditor,,WI,WRITE-IN,69
Washington,U.S. Senate,,CP,,67
Washington,U.S. Senate,,DFL,Walter Mondale,42249
Washington,U.S. Senate,,GP,,370
Washington,U.S. Senate,,IND,Jim Moore,1399
Washington,U.S. Senate,,R,Norm Coleman,59269
Washington,U.S. Senate,,WI,WRITE-IN,65
Watonwan,Attorney General,,DFL,Mike Hatch,2695
Watonwan,Attorney General,,IND,,243
Watonwan,Attorney General,,R,Tom Kelly,1901
Watonwan,Attorney General,,WI,WRITE-IN,7
Watonwan,Governor,,CP,,7
Watonwan,Governor,,DFL,Roger Moe,1436
Watonwan,Governor,,GP,,69
Watonwan,Governor,,I,,16
Watonwan,Governor,,IND,Tim Penny,1414
Watonwan,Governor,,R,Tim Pawlenty,1985
Watonwan,Governor,,SWP,,10
Watonwan,Governor,,WI,WRITE-IN,4
Watonwan,Secretary of State,,DFL,"Hubert H. ""Buck"" Humphrey",2272
Watonwan,Secretary of State,,GP,,73
Watonwan,Secretary of State,,IND,,299
Watonwan,Secretary of State,,R,Mary Kiffmeyer,2189
Watonwan,Secretary of State,,WI,WRITE-IN,1
Watonwan,State Auditor,,DFL,Carol Johnson,2629
Watonwan,State Auditor,,GP,,83
Watonwan,State Auditor,,IND,,344
Watonwan,State Auditor,,R,Patricia Anderson Awada,1766
Watonwan,State Auditor,,WI,WRITE-IN,4
Watonwan,U.S. Senate,,CP,,12
Watonwan,U.S. Senate,,DFL,Walter Mondale,2346
Watonwan,U.S. Senate,,GP,,14
Watonwan,U.S. Senate,,IND,Jim Moore,196
Watonwan,U.S. Senate,,R,Norm Coleman,2362
Watonwan,U.S. Senate,,WI,WRITE-IN,4
Wilkin,Attorney General,,DFL,Mike Hatch,1309
Wilkin,Attorney General,,IND,,112
Wilkin,Attorney General,,R,Tom Kelly,1339
Wilkin,Attorney General,,WI,WRITE-IN,2
Wilkin,Governor,,CP,,7
Wilkin,Governor,,DFL,Roger Moe,1079
Wilkin,Governor,,GP,,36
Wilkin,Governor,,I,,8
Wilkin,Governor,,IND,Tim Penny,258
Wilkin,Governor,,R,Tim Pawlenty,1452
Wilkin,Governor,,SWP,,7
Wilkin,Governor,,WI,WRITE-IN,2
Wilkin,Secretary of State,,DFL,"Hubert H. ""Buck"" Humphrey",1244
Wilkin,Secretary of State,,GP,,27
Wilkin,Secretary of State,,IND,,116
Wilkin,Secretary of State,,R,Mary Kiffmeyer,1380
Wilkin,Secretary of State,,WI,WRITE-IN,4
Wilkin,State Auditor,,DFL,Carol Johnson,1130
Wilkin,State Auditor,,GP,,49
Wilkin,State Auditor,,IND,,161
Wilkin,State Auditor,,R,Patricia Anderson Awada,1398
Wilkin,State Auditor,,WI,WRITE-IN,4
Wilkin,U.S. Senate,,CP,,3
Wilkin,U.S. Senate,,DFL,Walter Mondale,1219
Wilkin,U.S. Senate,,GP,,7
Wilkin,U.S. Senate,,IND,Jim Moore,80
Wilkin,U.S. Senate,,R,Norm Coleman,1555
Wilkin,U.S. Senate,,WI,WRITE-IN,3
Winona,Attorney General,,DFL,Mike Hatch,9621
Winona,Attorney General,,IND,,1075
Winona,Attorney General,,R,Tom Kelly,8352
Winona,Attorney General,,WI,WRITE-IN,15
Winona,Governor,,CP,,18
Winona,Governor,,DFL,Roger Moe,5413
Winona,Governor,,GP,,630
Winona,Governor,,I,,80
Winona,Governor,,IND,Tim Penny,6103
Winona,Governor,,R,Tim Pawlenty,7385
Winona,Governor,,SWP,,37
Winona,Governor,,WI,WRITE-IN,17
Winona,Secretary of State,,DFL,"Hubert H. ""Buck"" Humphrey",9064
Winona,Secretary of State,,GP,,773
Winona,Secretary of State,,IND,,970
Winona,Secretary of State,,R,Mary Kiffmeyer,8356
Winona,Secretary of State,,WI,WRITE-IN,8
Winona,State Auditor,,DFL,Carol Johnson,8132
Winona,State Auditor,,GP,,1038
Winona,State Auditor,,IND,,1499
Winona,State Auditor,,R,Patricia Anderson Awada,8040
Winona,State Auditor,,WI,WRITE-IN,15
Winona,U.S. Senate,,CP,,28
Winona,U.S. Senate,,DFL,Walter Mondale,9755
Winona,U.S. Senate,,GP,,175
Winona,U.S. Senate,,IND,Jim Moore,480
Winona,U.S. Senate,,R,Norm Coleman,9219
Winona,U.S. Senate,,WI,WRITE-IN,18
Wright,Attorney General,,DFL,Mike Hatch,19057
Wright,Attorney General,,IND,,1860
Wright,Attorney General,,R,Tom Kelly,22547
Wright,Attorney General,,WI,WRITE-IN,61
Wright,Governor,,CP,,95
Wright,Governor,,DFL,Roger Moe,11962
Wright,Governor,,GP,,678
Wright,Governor,,I,,186
Wright,Governor,,IND,Tim Penny,6011
Wright,Governor,,R,Tim Pawlenty,25575
Wright,Governor,,SWP,,57
Wright,Governor,,WI,WRITE-IN,41
Wright,Secretary of State,,DFL,"Hubert H. ""Buck"" Humphrey",15287
Wright,Secretary of State,,GP,,647
Wright,Secretary of State,,IND,,1978
Wright,Secretary of State,,R,Mary Kiffmeyer,25535
Wright,Secretary of State,,WI,WRITE-IN,37
Wright,State Auditor,,DFL,Carol Johnson,14825
Wright,State Auditor,,GP,,1040
Wright,State Auditor,,IND,,3202
Wright,State Auditor,,R,Patricia Anderson Awada,23347
Wright,State Auditor,,WI,WRITE-IN,58
Wright,U.S. Senate,,CP,,65
Wright,U.S. Senate,,DFL,Walter Mondale,15590
Wright,U.S. Senate,,GP,,165
Wright,U.S. Senate,,IND,Jim Moore,970
Wright,U.S. Senate,,R,Norm Coleman,27626
Wright,U.S. Senate,,WI,WRITE-IN,97
Yellow Medicine,Attorney General,,DFL,Mike Hatch,2782
Yellow Medicine,Attorney General,,IND,,223
Yellow Medicine,Attorney General,,R,Tom Kelly,1784
Yellow Medicine,Attorney General,,WI,WRITE-IN,5
Yellow Medicine,Governor,,CP,,10
Yellow Medicine,Governor,,DFL,Roger Moe,2031
Yellow Medicine,Governor,,GP,,51
Yellow Medicine,Governor,,I,,23
Yellow Medicine,Governor,,IND,Tim Penny,715
Yellow Medicine,Governor,,R,Tim Pawlenty,1964
Yellow Medicine,Governor,,SWP,,15
Yellow Medicine,Governor,,WI,WRITE-IN,4
Yellow Medicine,Secretary of State,,DFL,"Hubert H. ""Buck"" Humphrey",2349
Yellow Medicine,Secretary of State,,GP,,68
Yellow Medicine,Secretary of State,,IND,,274
Yellow Medicine,Secretary of State,,R,Mary Kiffmeyer,2100
Yellow Medicine,Secretary of State,,WI,WRITE-IN,2
Yellow Medicine,State Auditor,,DFL,Carol Johnson,2471
Yellow Medicine,State Auditor,,GP,,94
Yellow Medicine,State Auditor,,IND,,342
Yellow Medicine,State Auditor,,R,Patricia Anderson Awada,1825
Yellow Medicine,State Auditor,,WI,WRITE-IN,4
Yellow Medicine,U.S. Senate,,CP,,5
Yellow Medicine,U.S. Senate,,DFL,Walter Mondale,2554
Yellow Medicine,U.S. Senate,,GP,,22
Yellow Medicine,U.S. Senate,,IND,Jim Moore,152
Yellow Medicine,U.S. Senate,,R,Norm Coleman,2101
Yellow Medicine,U.S. Senate,,WI,WRITE-IN,3
